"filename","seen","type label","subtype label","modifier","transcript","note"
"cpb-aacip-512-t43hx1753b_01808606_00000000.jpg",true,"B","",false,"",""
"cpb-aacip-512-t43hx1753b_01808606_00002002.jpg",true,"B","",false,"",""
"cpb-aacip-512-t43hx1753b_01808606_00004004.jpg",true,"B","",false,"",""
"cpb-aacip-512-t43hx1753b_01808606_00006006.jpg",true,"B","",false,"",""
"cpb-aacip-512-t43hx1753b_01808606_00008008.jpg",true,"B","",false,"",""
"cpb-aacip-512-t43hx1753b_01808606_00010010.jpg",true,"B","",false,"",""
"cpb-aacip-512-t43hx1753b_01808606_00012012.jpg",true,"B","",false,"",""
"cpb-aacip-512-t43hx1753b_01808606_00014014.jpg",true,"B","",false,"",""
"cpb-aacip-512-t43hx1753b_01808606_00016016.jpg",true,"B","",false,"",""
"cpb-aacip-512-t43hx1753b_01808606_00018001.jpg",true,"B","",false,"",""
"cpb-aacip-512-t43hx1753b_01808606_00020003.jpg",true,"B","",false,"",""
"cpb-aacip-512-t43hx1753b_01808606_00022005.jpg",true,"B","",false,"",""
"cpb-aacip-512-t43hx1753b_01808606_00024007.jpg",true,"B","",false,"",""
"cpb-aacip-512-t43hx1753b_01808606_00026009.jpg",true,"B","",false,"",""
"cpb-aacip-512-t43hx1753b_01808606_00028011.jpg",true,"B","",false,"",""
"cpb-aacip-512-t43hx1753b_01808606_00030013.jpg",true,"B","",false,"",""
"cpb-aacip-512-t43hx1753b_01808606_00032015.jpg",true,"B","",false,"",""
"cpb-aacip-512-t43hx1753b_01808606_00034000.jpg",true,"B","",false,"",""
"cpb-aacip-512-t43hx1753b_01808606_00036002.jpg",true,"B","",false,"",""
"cpb-aacip-512-t43hx1753b_01808606_00038004.jpg",true,"B","",false,"",""
"cpb-aacip-512-t43hx1753b_01808606_00040006.jpg",true,"B","",false,"",""
"cpb-aacip-512-t43hx1753b_01808606_00042008.jpg",true,"B","",false,"",""
"cpb-aacip-512-t43hx1753b_01808606_00044010.jpg",true,"B","",false,"",""
"cpb-aacip-512-t43hx1753b_01808606_00046012.jpg",true,"S","H",false,"",""
"cpb-aacip-512-t43hx1753b_01808606_00048014.jpg",true,"S","H",false,"",""
"cpb-aacip-512-t43hx1753b_01808606_00050016.jpg",true,"S","H",false,"",""
"cpb-aacip-512-t43hx1753b_01808606_00052001.jpg",true,"S","H",false,"",""
"cpb-aacip-512-t43hx1753b_01808606_00054003.jpg",true,"S","H",false,"",""
"cpb-aacip-512-t43hx1753b_01808606_00056005.jpg",true,"","",false,"",""
"cpb-aacip-512-t43hx1753b_01808606_00058007.jpg",true,"","",false,"",""
"cpb-aacip-512-t43hx1753b_01808606_00060009.jpg",true,"","",false,"",""
"cpb-aacip-512-t43hx1753b_01808606_00062011.jpg",true,"","",false,"",""
"cpb-aacip-512-t43hx1753b_01808606_00064013.jpg",true,"","",false,"",""
"cpb-aacip-512-t43hx1753b_01808606_00066015.jpg",true,"","",false,"",""
"cpb-aacip-512-t43hx1753b_01808606_00068001.jpg",true,"","",false,"",""
"cpb-aacip-512-t43hx1753b_01808606_00070003.jpg",true,"","",false,"",""
"cpb-aacip-512-t43hx1753b_01808606_00072005.jpg",true,"","",false,"",""
"cpb-aacip-512-t43hx1753b_01808606_00074007.jpg",true,"","",false,"",""
"cpb-aacip-512-t43hx1753b_01808606_00076009.jpg",true,"L","",true,"",""
"cpb-aacip-512-t43hx1753b_01808606_00078011.jpg",true,"L","",true,"",""
"cpb-aacip-512-t43hx1753b_01808606_00080013.jpg",true,"L","",false,"",""
"cpb-aacip-512-t43hx1753b_01808606_00082015.jpg",true,"L","",false,"",""
"cpb-aacip-512-t43hx1753b_01808606_00084000.jpg",true,"L","",false,"",""
"cpb-aacip-512-t43hx1753b_01808606_00086002.jpg",true,"","",false,"",""
"cpb-aacip-512-t43hx1753b_01808606_00088004.jpg",true,"","",false,"",""
"cpb-aacip-512-t43hx1753b_01808606_00090006.jpg",true,"","",false,"",""
"cpb-aacip-512-t43hx1753b_01808606_00092008.jpg",true,"","",false,"",""
"cpb-aacip-512-t43hx1753b_01808606_00094010.jpg",true,"","",false,"",""
"cpb-aacip-512-t43hx1753b_01808606_00096012.jpg",true,"","",false,"",""
"cpb-aacip-512-t43hx1753b_01808606_00098014.jpg",true,"","",false,"",""
"cpb-aacip-512-t43hx1753b_01808606_00100016.jpg",true,"","",false,"",""
"cpb-aacip-512-t43hx1753b_01808606_00102001.jpg",true,"M","",true,"",""
"cpb-aacip-512-t43hx1753b_01808606_00104003.jpg",true,"M","",false,"",""
"cpb-aacip-512-t43hx1753b_01808606_00106005.jpg",true,"","",false,"",""
"cpb-aacip-512-t43hx1753b_01808606_00108007.jpg",true,"","",false,"",""
"cpb-aacip-512-t43hx1753b_01808606_00110009.jpg",true,"F","",true,"",""
"cpb-aacip-512-t43hx1753b_01808606_00112011.jpg",true,"F","",false,"",""
"cpb-aacip-512-t43hx1753b_01808606_00114013.jpg",true,"F","",true,"",""
"cpb-aacip-512-t43hx1753b_01808606_00116015.jpg",true,"","",false,"",""
"cpb-aacip-512-t43hx1753b_01808606_00118001.jpg",true,"P","",false,"",""
"cpb-aacip-512-t43hx1753b_01808606_00120003.jpg",true,"P","",false,"",""
"cpb-aacip-512-t43hx1753b_01808606_00122005.jpg",true,"P","",false,"",""
"cpb-aacip-512-t43hx1753b_01808606_00124007.jpg",true,"P","",false,"",""
"cpb-aacip-512-t43hx1753b_01808606_00126009.jpg",true,"P","",false,"",""
"cpb-aacip-512-t43hx1753b_01808606_00128011.jpg",true,"P","",false,"",""
"cpb-aacip-512-t43hx1753b_01808606_00130013.jpg",true,"P","",false,"",""
"cpb-aacip-512-t43hx1753b_01808606_00132015.jpg",true,"P","",false,"",""
"cpb-aacip-512-t43hx1753b_01808606_00134000.jpg",true,"P","",false,"",""
"cpb-aacip-512-t43hx1753b_01808606_00136002.jpg",true,"P","",false,"",""
"cpb-aacip-512-t43hx1753b_01808606_00138004.jpg",true,"I","",false,"",""
"cpb-aacip-512-t43hx1753b_01808606_00140006.jpg",true,"I","",false,"",""
"cpb-aacip-512-t43hx1753b_01808606_00142008.jpg",true,"I","",false,"",""
"cpb-aacip-512-t43hx1753b_01808606_00144010.jpg",true,"I","",false,"",""
"cpb-aacip-512-t43hx1753b_01808606_00146012.jpg",true,"I","",false,"",""
"cpb-aacip-512-t43hx1753b_01808606_00148014.jpg",true,"I","",false,"",""
"cpb-aacip-512-t43hx1753b_01808606_00150016.jpg",true,"I","",false,"",""
"cpb-aacip-512-t43hx1753b_01808606_00152001.jpg",true,"I","",false,"",""
"cpb-aacip-512-t43hx1753b_01808606_00154003.jpg",true,"I","",false,"",""
"cpb-aacip-512-t43hx1753b_01808606_00156005.jpg",true,"I","",false,"",""
"cpb-aacip-512-t43hx1753b_01808606_00158007.jpg",true,"P","",false,"",""
"cpb-aacip-512-t43hx1753b_01808606_00160009.jpg",true,"P","",false,"",""
"cpb-aacip-512-t43hx1753b_01808606_00162011.jpg",true,"P","",false,"",""
"cpb-aacip-512-t43hx1753b_01808606_00164013.jpg",true,"P","",false,"",""
"cpb-aacip-512-t43hx1753b_01808606_00166015.jpg",true,"P","",false,"",""
"cpb-aacip-512-t43hx1753b_01808606_00168001.jpg",true,"P","",false,"",""
"cpb-aacip-512-t43hx1753b_01808606_00170003.jpg",true,"P","",false,"",""
"cpb-aacip-512-t43hx1753b_01808606_00172005.jpg",true,"P","",false,"",""
"cpb-aacip-512-t43hx1753b_01808606_00174007.jpg",true,"P","",false,"",""
"cpb-aacip-512-t43hx1753b_01808606_00176009.jpg",true,"P","",false,"",""
"cpb-aacip-512-t43hx1753b_01808606_00178011.jpg",true,"P","",false,"",""
"cpb-aacip-512-t43hx1753b_01808606_00180013.jpg",true,"","",false,"",""
"cpb-aacip-512-t43hx1753b_01808606_00182015.jpg",true,"P","",false,"",""
"cpb-aacip-512-t43hx1753b_01808606_00184000.jpg",true,"P","",false,"",""
"cpb-aacip-512-t43hx1753b_01808606_00186002.jpg",true,"P","",false,"",""
"cpb-aacip-512-t43hx1753b_01808606_00188004.jpg",true,"P","",false,"",""
"cpb-aacip-512-t43hx1753b_01808606_00190006.jpg",true,"P","",false,"",""
"cpb-aacip-512-t43hx1753b_01808606_00192008.jpg",true,"P","",false,"",""
"cpb-aacip-512-t43hx1753b_01808606_00194010.jpg",true,"P","",false,"",""
"cpb-aacip-512-t43hx1753b_01808606_00196012.jpg",true,"P","",false,"",""
"cpb-aacip-512-t43hx1753b_01808606_00198014.jpg",true,"P","",false,"",""
"cpb-aacip-512-t43hx1753b_01808606_00200016.jpg",true,"P","",false,"",""
"cpb-aacip-512-t43hx1753b_01808606_00202001.jpg",true,"P","",false,"",""
"cpb-aacip-512-t43hx1753b_01808606_00204003.jpg",true,"P","",false,"",""
"cpb-aacip-512-t43hx1753b_01808606_00206005.jpg",true,"P","",false,"",""
"cpb-aacip-512-t43hx1753b_01808606_00208007.jpg",true,"P","",false,"",""
"cpb-aacip-512-t43hx1753b_01808606_00210009.jpg",true,"P","",false,"",""
"cpb-aacip-512-t43hx1753b_01808606_00212011.jpg",true,"P","",false,"",""
"cpb-aacip-512-t43hx1753b_01808606_00214013.jpg",true,"P","",false,"",""
"cpb-aacip-512-t43hx1753b_01808606_00216015.jpg",true,"P","",false,"",""
"cpb-aacip-512-t43hx1753b_01808606_00218001.jpg",true,"P","",false,"",""
"cpb-aacip-512-t43hx1753b_01808606_00220003.jpg",true,"P","",false,"",""
"cpb-aacip-512-t43hx1753b_01808606_00222005.jpg",true,"P","",false,"",""
"cpb-aacip-512-t43hx1753b_01808606_00224007.jpg",true,"P","",false,"",""
"cpb-aacip-512-t43hx1753b_01808606_00226009.jpg",true,"P","",false,"",""
"cpb-aacip-512-t43hx1753b_01808606_00228011.jpg",true,"P","",false,"",""
"cpb-aacip-512-t43hx1753b_01808606_00230013.jpg",true,"P","",false,"",""
"cpb-aacip-512-t43hx1753b_01808606_00232015.jpg",true,"P","",false,"",""
"cpb-aacip-512-t43hx1753b_01808606_00234000.jpg",true,"P","",false,"",""
"cpb-aacip-512-t43hx1753b_01808606_00236002.jpg",true,"P","",false,"",""
"cpb-aacip-512-t43hx1753b_01808606_00238004.jpg",true,"P","",false,"",""
"cpb-aacip-512-t43hx1753b_01808606_00240006.jpg",true,"P","",false,"",""
"cpb-aacip-512-t43hx1753b_01808606_00242008.jpg",true,"P","",false,"",""
"cpb-aacip-512-t43hx1753b_01808606_00244010.jpg",true,"P","",false,"",""
"cpb-aacip-512-t43hx1753b_01808606_00246012.jpg",true,"P","",false,"",""
"cpb-aacip-512-t43hx1753b_01808606_00248014.jpg",true,"P","",false,"",""
"cpb-aacip-512-t43hx1753b_01808606_00250016.jpg",true,"","",false,"",""
"cpb-aacip-512-t43hx1753b_01808606_00252001.jpg",true,"","",false,"",""
"cpb-aacip-512-t43hx1753b_01808606_00254003.jpg",true,"","",false,"",""
"cpb-aacip-512-t43hx1753b_01808606_00256005.jpg",true,"","",false,"",""
"cpb-aacip-512-t43hx1753b_01808606_00258007.jpg",true,"","",false,"",""
"cpb-aacip-512-t43hx1753b_01808606_00260009.jpg",true,"","",false,"",""
"cpb-aacip-512-t43hx1753b_01808606_00262011.jpg",true,"","",false,"",""
"cpb-aacip-512-t43hx1753b_01808606_00264013.jpg",true,"","",false,"",""
"cpb-aacip-512-t43hx1753b_01808606_00266015.jpg",true,"","",false,"",""
"cpb-aacip-512-t43hx1753b_01808606_00268001.jpg",true,"","",false,"",""
"cpb-aacip-512-t43hx1753b_01808606_00270003.jpg",true,"","",false,"",""
"cpb-aacip-512-t43hx1753b_01808606_00272005.jpg",true,"","",false,"",""
"cpb-aacip-512-t43hx1753b_01808606_00274007.jpg",true,"","",false,"",""
"cpb-aacip-512-t43hx1753b_01808606_00276009.jpg",true,"","",false,"",""
"cpb-aacip-512-t43hx1753b_01808606_00278011.jpg",true,"P","",false,"",""
"cpb-aacip-512-t43hx1753b_01808606_00280013.jpg",true,"P","",false,"",""
"cpb-aacip-512-t43hx1753b_01808606_00282015.jpg",true,"P","",false,"",""
"cpb-aacip-512-t43hx1753b_01808606_00284000.jpg",true,"P","",false,"",""
"cpb-aacip-512-t43hx1753b_01808606_00286002.jpg",true,"P","",false,"",""
"cpb-aacip-512-t43hx1753b_01808606_00288004.jpg",true,"P","",false,"",""
"cpb-aacip-512-t43hx1753b_01808606_00290006.jpg",true,"P","",false,"",""
"cpb-aacip-512-t43hx1753b_01808606_00292008.jpg",true,"P","",false,"",""
"cpb-aacip-512-t43hx1753b_01808606_00294010.jpg",true,"P","",false,"",""
"cpb-aacip-512-t43hx1753b_01808606_00296012.jpg",true,"P","",false,"",""
"cpb-aacip-512-t43hx1753b_01808606_00298014.jpg",true,"P","",false,"",""
"cpb-aacip-512-t43hx1753b_01808606_00300016.jpg",true,"P","",false,"",""
"cpb-aacip-512-t43hx1753b_01808606_00302001.jpg",true,"P","",false,"",""
"cpb-aacip-512-t43hx1753b_01808606_00304003.jpg",true,"P","",false,"",""
"cpb-aacip-512-t43hx1753b_01808606_00306005.jpg",true,"P","",false,"",""
"cpb-aacip-512-t43hx1753b_01808606_00308007.jpg",true,"P","",false,"",""
"cpb-aacip-512-t43hx1753b_01808606_00310009.jpg",true,"P","",false,"",""
"cpb-aacip-512-t43hx1753b_01808606_00312011.jpg",true,"P","",false,"",""
"cpb-aacip-512-t43hx1753b_01808606_00314013.jpg",true,"P","",false,"",""
"cpb-aacip-512-t43hx1753b_01808606_00316015.jpg",true,"P","",false,"",""
"cpb-aacip-512-t43hx1753b_01808606_00318001.jpg",true,"P","",false,"",""
"cpb-aacip-512-t43hx1753b_01808606_00320003.jpg",true,"P","",false,"",""
"cpb-aacip-512-t43hx1753b_01808606_00322005.jpg",true,"P","",false,"",""
"cpb-aacip-512-t43hx1753b_01808606_00324007.jpg",true,"P","",false,"",""
"cpb-aacip-512-t43hx1753b_01808606_00326009.jpg",true,"P","",false,"",""
"cpb-aacip-512-t43hx1753b_01808606_00328011.jpg",true,"P","",false,"",""
"cpb-aacip-512-t43hx1753b_01808606_00330013.jpg",true,"P","",false,"",""
"cpb-aacip-512-t43hx1753b_01808606_00332015.jpg",true,"P","",false,"",""
"cpb-aacip-512-t43hx1753b_01808606_00334000.jpg",true,"P","",false,"",""
"cpb-aacip-512-t43hx1753b_01808606_00336002.jpg",true,"P","",false,"",""
"cpb-aacip-512-t43hx1753b_01808606_00338004.jpg",true,"P","",false,"",""
"cpb-aacip-512-t43hx1753b_01808606_00340006.jpg",true,"P","",false,"",""
"cpb-aacip-512-t43hx1753b_01808606_00342008.jpg",true,"I","",false,"",""
"cpb-aacip-512-t43hx1753b_01808606_00344010.jpg",true,"I","",false,"",""
"cpb-aacip-512-t43hx1753b_01808606_00346012.jpg",true,"I","",false,"",""
"cpb-aacip-512-t43hx1753b_01808606_00348014.jpg",true,"I","",false,"",""
"cpb-aacip-512-t43hx1753b_01808606_00350016.jpg",true,"I","",false,"",""
"cpb-aacip-512-t43hx1753b_01808606_00352001.jpg",true,"I","",false,"",""
"cpb-aacip-512-t43hx1753b_01808606_00354003.jpg",true,"I","",false,"",""
"cpb-aacip-512-t43hx1753b_01808606_00356005.jpg",true,"I","",false,"",""
"cpb-aacip-512-t43hx1753b_01808606_00358007.jpg",true,"I","",false,"",""
"cpb-aacip-512-t43hx1753b_01808606_00360009.jpg",true,"P","",false,"",""
"cpb-aacip-512-t43hx1753b_01808606_00362011.jpg",true,"P","",false,"",""
"cpb-aacip-512-t43hx1753b_01808606_00364013.jpg",true,"P","",false,"",""
"cpb-aacip-512-t43hx1753b_01808606_00366015.jpg",true,"P","",false,"",""
"cpb-aacip-512-t43hx1753b_01808606_00368000.jpg",true,"P","",false,"",""
"cpb-aacip-512-t43hx1753b_01808606_00370002.jpg",true,"P","",false,"",""
"cpb-aacip-512-t43hx1753b_01808606_00372004.jpg",true,"P","",false,"",""
"cpb-aacip-512-t43hx1753b_01808606_00374006.jpg",true,"P","",false,"",""
"cpb-aacip-512-t43hx1753b_01808606_00376008.jpg",true,"P","",false,"",""
"cpb-aacip-512-t43hx1753b_01808606_00378010.jpg",true,"P","",false,"",""
"cpb-aacip-512-t43hx1753b_01808606_00380012.jpg",true,"P","",false,"",""
"cpb-aacip-512-t43hx1753b_01808606_00382014.jpg",true,"P","",false,"",""
"cpb-aacip-512-t43hx1753b_01808606_00384000.jpg",true,"P","",false,"",""
"cpb-aacip-512-t43hx1753b_01808606_00386002.jpg",true,"P","",false,"",""
"cpb-aacip-512-t43hx1753b_01808606_00388004.jpg",true,"P","",false,"",""
"cpb-aacip-512-t43hx1753b_01808606_00390006.jpg",true,"P","",false,"",""
"cpb-aacip-512-t43hx1753b_01808606_00392008.jpg",true,"P","",false,"",""
"cpb-aacip-512-t43hx1753b_01808606_00394010.jpg",true,"P","",false,"",""
"cpb-aacip-512-t43hx1753b_01808606_00396012.jpg",true,"P","",false,"",""
"cpb-aacip-512-t43hx1753b_01808606_00398014.jpg",true,"P","",false,"",""
"cpb-aacip-512-t43hx1753b_01808606_00400016.jpg",true,"P","",false,"",""
"cpb-aacip-512-t43hx1753b_01808606_00402001.jpg",true,"P","",false,"",""
"cpb-aacip-512-t43hx1753b_01808606_00404003.jpg",true,"P","",false,"",""
"cpb-aacip-512-t43hx1753b_01808606_00406005.jpg",true,"P","",false,"",""
"cpb-aacip-512-t43hx1753b_01808606_00408007.jpg",true,"P","",false,"",""
"cpb-aacip-512-t43hx1753b_01808606_00410009.jpg",true,"P","",false,"",""
"cpb-aacip-512-t43hx1753b_01808606_00412011.jpg",true,"P","",false,"",""
"cpb-aacip-512-t43hx1753b_01808606_00414013.jpg",true,"P","",false,"",""
"cpb-aacip-512-t43hx1753b_01808606_00416015.jpg",true,"P","",false,"",""
"cpb-aacip-512-t43hx1753b_01808606_00418000.jpg",true,"P","",false,"",""
"cpb-aacip-512-t43hx1753b_01808606_00420002.jpg",true,"P","",false,"",""
"cpb-aacip-512-t43hx1753b_01808606_00422004.jpg",true,"P","",false,"",""
"cpb-aacip-512-t43hx1753b_01808606_00424006.jpg",true,"P","",false,"",""
"cpb-aacip-512-t43hx1753b_01808606_00426008.jpg",true,"P","",false,"",""
"cpb-aacip-512-t43hx1753b_01808606_00428010.jpg",true,"P","",false,"",""
"cpb-aacip-512-t43hx1753b_01808606_00430012.jpg",true,"P","",false,"",""
"cpb-aacip-512-t43hx1753b_01808606_00432014.jpg",true,"P","",false,"",""
"cpb-aacip-512-t43hx1753b_01808606_00434000.jpg",true,"","",false,"",""
"cpb-aacip-512-t43hx1753b_01808606_00436002.jpg",true,"","",false,"",""
"cpb-aacip-512-t43hx1753b_01808606_00438004.jpg",true,"","",false,"",""
"cpb-aacip-512-t43hx1753b_01808606_00440006.jpg",true,"","",false,"",""
"cpb-aacip-512-t43hx1753b_01808606_00442008.jpg",true,"P","",false,"",""
"cpb-aacip-512-t43hx1753b_01808606_00444010.jpg",true,"P","",false,"",""
"cpb-aacip-512-t43hx1753b_01808606_00446012.jpg",true,"P","",false,"",""
"cpb-aacip-512-t43hx1753b_01808606_00448014.jpg",true,"P","",false,"",""
"cpb-aacip-512-t43hx1753b_01808606_00450016.jpg",true,"P","",false,"",""
"cpb-aacip-512-t43hx1753b_01808606_00452001.jpg",true,"P","",false,"",""
"cpb-aacip-512-t43hx1753b_01808606_00454003.jpg",true,"P","",false,"",""
"cpb-aacip-512-t43hx1753b_01808606_00456005.jpg",true,"P","",false,"",""
"cpb-aacip-512-t43hx1753b_01808606_00458007.jpg",true,"P","",false,"",""
"cpb-aacip-512-t43hx1753b_01808606_00460009.jpg",true,"P","",false,"",""
"cpb-aacip-512-t43hx1753b_01808606_00462011.jpg",true,"P","",false,"",""
"cpb-aacip-512-t43hx1753b_01808606_00464013.jpg",true,"P","",false,"",""
"cpb-aacip-512-t43hx1753b_01808606_00466015.jpg",true,"P","",false,"",""
"cpb-aacip-512-t43hx1753b_01808606_00468000.jpg",true,"P","",false,"",""
"cpb-aacip-512-t43hx1753b_01808606_00470002.jpg",true,"P","",false,"",""
"cpb-aacip-512-t43hx1753b_01808606_00472004.jpg",true,"P","",false,"",""
"cpb-aacip-512-t43hx1753b_01808606_00474006.jpg",true,"P","",false,"",""
"cpb-aacip-512-t43hx1753b_01808606_00476008.jpg",true,"P","",false,"",""
"cpb-aacip-512-t43hx1753b_01808606_00478010.jpg",true,"P","",false,"",""
"cpb-aacip-512-t43hx1753b_01808606_00480012.jpg",true,"P","",false,"",""
"cpb-aacip-512-t43hx1753b_01808606_00482014.jpg",true,"P","",false,"",""
"cpb-aacip-512-t43hx1753b_01808606_00484000.jpg",true,"P","",false,"",""
"cpb-aacip-512-t43hx1753b_01808606_00486002.jpg",true,"P","",false,"",""
"cpb-aacip-512-t43hx1753b_01808606_00488004.jpg",true,"P","",false,"",""
"cpb-aacip-512-t43hx1753b_01808606_00490006.jpg",true,"P","",false,"",""
"cpb-aacip-512-t43hx1753b_01808606_00492008.jpg",true,"P","",false,"",""
"cpb-aacip-512-t43hx1753b_01808606_00494010.jpg",true,"P","",false,"",""
"cpb-aacip-512-t43hx1753b_01808606_00496012.jpg",true,"P","",false,"",""
"cpb-aacip-512-t43hx1753b_01808606_00498014.jpg",true,"P","",false,"",""
"cpb-aacip-512-t43hx1753b_01808606_00500016.jpg",true,"P","",false,"",""
"cpb-aacip-512-t43hx1753b_01808606_00502001.jpg",true,"P","",false,"",""
"cpb-aacip-512-t43hx1753b_01808606_00504003.jpg",true,"P","",false,"",""
"cpb-aacip-512-t43hx1753b_01808606_00506005.jpg",true,"P","",false,"",""
"cpb-aacip-512-t43hx1753b_01808606_00508007.jpg",true,"P","",false,"",""
"cpb-aacip-512-t43hx1753b_01808606_00510009.jpg",true,"P","",false,"",""
"cpb-aacip-512-t43hx1753b_01808606_00512011.jpg",true,"P","",false,"",""
"cpb-aacip-512-t43hx1753b_01808606_00514013.jpg",true,"P","",false,"",""
"cpb-aacip-512-t43hx1753b_01808606_00516015.jpg",true,"P","",false,"",""
"cpb-aacip-512-t43hx1753b_01808606_00518000.jpg",true,"P","",false,"",""
"cpb-aacip-512-t43hx1753b_01808606_00520002.jpg",true,"P","",false,"",""
"cpb-aacip-512-t43hx1753b_01808606_00522004.jpg",true,"P","",false,"",""
"cpb-aacip-512-t43hx1753b_01808606_00524006.jpg",true,"P","",false,"",""
"cpb-aacip-512-t43hx1753b_01808606_00526008.jpg",true,"P","",false,"",""
"cpb-aacip-512-t43hx1753b_01808606_00528010.jpg",true,"P","",false,"",""
"cpb-aacip-512-t43hx1753b_01808606_00530012.jpg",true,"P","",false,"",""
"cpb-aacip-512-t43hx1753b_01808606_00532014.jpg",true,"P","",false,"",""
"cpb-aacip-512-t43hx1753b_01808606_00534000.jpg",true,"P","",false,"",""
"cpb-aacip-512-t43hx1753b_01808606_00536002.jpg",true,"P","",false,"",""
"cpb-aacip-512-t43hx1753b_01808606_00538004.jpg",true,"P","",false,"",""
"cpb-aacip-512-t43hx1753b_01808606_00540006.jpg",true,"P","",false,"",""
"cpb-aacip-512-t43hx1753b_01808606_00542008.jpg",true,"P","",false,"",""
"cpb-aacip-512-t43hx1753b_01808606_00544010.jpg",true,"P","",false,"",""
"cpb-aacip-512-t43hx1753b_01808606_00546012.jpg",true,"P","",false,"",""
"cpb-aacip-512-t43hx1753b_01808606_00548014.jpg",true,"P","",false,"",""
"cpb-aacip-512-t43hx1753b_01808606_00550016.jpg",true,"P","",false,"",""
"cpb-aacip-512-t43hx1753b_01808606_00552001.jpg",true,"P","",false,"",""
"cpb-aacip-512-t43hx1753b_01808606_00554003.jpg",true,"P","",false,"",""
"cpb-aacip-512-t43hx1753b_01808606_00556005.jpg",true,"P","",false,"",""
"cpb-aacip-512-t43hx1753b_01808606_00558007.jpg",true,"P","",false,"",""
"cpb-aacip-512-t43hx1753b_01808606_00560009.jpg",true,"P","",false,"",""
"cpb-aacip-512-t43hx1753b_01808606_00562011.jpg",true,"P","",false,"",""
"cpb-aacip-512-t43hx1753b_01808606_00564013.jpg",true,"P","",false,"",""
"cpb-aacip-512-t43hx1753b_01808606_00566015.jpg",true,"P","",false,"",""
"cpb-aacip-512-t43hx1753b_01808606_00568000.jpg",true,"P","",false,"",""
"cpb-aacip-512-t43hx1753b_01808606_00570002.jpg",true,"P","",false,"",""
"cpb-aacip-512-t43hx1753b_01808606_00572004.jpg",true,"P","",false,"",""
"cpb-aacip-512-t43hx1753b_01808606_00574006.jpg",true,"P","",false,"",""
"cpb-aacip-512-t43hx1753b_01808606_00576008.jpg",true,"P","",false,"",""
"cpb-aacip-512-t43hx1753b_01808606_00578010.jpg",true,"P","",false,"",""
"cpb-aacip-512-t43hx1753b_01808606_00580012.jpg",true,"P","",false,"",""
"cpb-aacip-512-t43hx1753b_01808606_00582014.jpg",true,"P","",false,"",""
"cpb-aacip-512-t43hx1753b_01808606_00584000.jpg",true,"P","",false,"",""
"cpb-aacip-512-t43hx1753b_01808606_00586002.jpg",true,"P","",false,"",""
"cpb-aacip-512-t43hx1753b_01808606_00588004.jpg",true,"P","",false,"",""
"cpb-aacip-512-t43hx1753b_01808606_00590006.jpg",true,"P","",false,"",""
"cpb-aacip-512-t43hx1753b_01808606_00592008.jpg",true,"P","",false,"",""
"cpb-aacip-512-t43hx1753b_01808606_00594010.jpg",true,"P","",false,"",""
"cpb-aacip-512-t43hx1753b_01808606_00596012.jpg",true,"P","",false,"",""
"cpb-aacip-512-t43hx1753b_01808606_00598014.jpg",true,"P","",false,"",""
"cpb-aacip-512-t43hx1753b_01808606_00600016.jpg",true,"P","",false,"",""
"cpb-aacip-512-t43hx1753b_01808606_00602001.jpg",true,"P","",false,"",""
"cpb-aacip-512-t43hx1753b_01808606_00604003.jpg",true,"P","",false,"",""
"cpb-aacip-512-t43hx1753b_01808606_00606005.jpg",true,"P","",false,"",""
"cpb-aacip-512-t43hx1753b_01808606_00608007.jpg",true,"P","",false,"",""
"cpb-aacip-512-t43hx1753b_01808606_00610009.jpg",true,"P","",false,"",""
"cpb-aacip-512-t43hx1753b_01808606_00612011.jpg",true,"P","",false,"",""
"cpb-aacip-512-t43hx1753b_01808606_00614013.jpg",true,"P","",false,"",""
"cpb-aacip-512-t43hx1753b_01808606_00616015.jpg",true,"P","",false,"",""
"cpb-aacip-512-t43hx1753b_01808606_00618000.jpg",true,"P","",false,"",""
"cpb-aacip-512-t43hx1753b_01808606_00620002.jpg",true,"P","",false,"",""
"cpb-aacip-512-t43hx1753b_01808606_00622004.jpg",true,"P","",false,"",""
"cpb-aacip-512-t43hx1753b_01808606_00624006.jpg",true,"P","",false,"",""
"cpb-aacip-512-t43hx1753b_01808606_00626008.jpg",true,"P","",false,"",""
"cpb-aacip-512-t43hx1753b_01808606_00628010.jpg",true,"P","",false,"",""
"cpb-aacip-512-t43hx1753b_01808606_00630012.jpg",true,"P","",false,"",""
"cpb-aacip-512-t43hx1753b_01808606_00632014.jpg",true,"P","",false,"",""
"cpb-aacip-512-t43hx1753b_01808606_00634000.jpg",true,"","",false,"",""
"cpb-aacip-512-t43hx1753b_01808606_00636002.jpg",true,"","",false,"",""
"cpb-aacip-512-t43hx1753b_01808606_00638004.jpg",true,"P","",false,"",""
"cpb-aacip-512-t43hx1753b_01808606_00640006.jpg",true,"P","",false,"",""
"cpb-aacip-512-t43hx1753b_01808606_00642008.jpg",true,"P","",false,"",""
"cpb-aacip-512-t43hx1753b_01808606_00644010.jpg",true,"P","",false,"",""
"cpb-aacip-512-t43hx1753b_01808606_00646012.jpg",true,"P","",false,"",""
"cpb-aacip-512-t43hx1753b_01808606_00648014.jpg",true,"P","",false,"",""
"cpb-aacip-512-t43hx1753b_01808606_00650016.jpg",true,"P","",false,"",""
"cpb-aacip-512-t43hx1753b_01808606_00652001.jpg",true,"P","",false,"",""
"cpb-aacip-512-t43hx1753b_01808606_00654003.jpg",true,"P","",false,"",""
"cpb-aacip-512-t43hx1753b_01808606_00656005.jpg",true,"P","",false,"",""
"cpb-aacip-512-t43hx1753b_01808606_00658007.jpg",true,"P","",false,"",""
"cpb-aacip-512-t43hx1753b_01808606_00660009.jpg",true,"P","",false,"",""
"cpb-aacip-512-t43hx1753b_01808606_00662011.jpg",true,"P","",false,"",""
"cpb-aacip-512-t43hx1753b_01808606_00664013.jpg",true,"P","",false,"",""
"cpb-aacip-512-t43hx1753b_01808606_00666015.jpg",true,"P","",false,"",""
"cpb-aacip-512-t43hx1753b_01808606_00668000.jpg",true,"P","",false,"",""
"cpb-aacip-512-t43hx1753b_01808606_00670002.jpg",true,"P","",false,"",""
"cpb-aacip-512-t43hx1753b_01808606_00672004.jpg",true,"P","",false,"",""
"cpb-aacip-512-t43hx1753b_01808606_00674006.jpg",true,"P","",false,"",""
"cpb-aacip-512-t43hx1753b_01808606_00676008.jpg",true,"P","",false,"",""
"cpb-aacip-512-t43hx1753b_01808606_00678010.jpg",true,"P","",false,"",""
"cpb-aacip-512-t43hx1753b_01808606_00680012.jpg",true,"P","",false,"",""
"cpb-aacip-512-t43hx1753b_01808606_00682014.jpg",true,"P","",false,"",""
"cpb-aacip-512-t43hx1753b_01808606_00684016.jpg",true,"P","",false,"",""
"cpb-aacip-512-t43hx1753b_01808606_00686001.jpg",true,"P","",false,"",""
"cpb-aacip-512-t43hx1753b_01808606_00688003.jpg",true,"P","",false,"",""
"cpb-aacip-512-t43hx1753b_01808606_00690005.jpg",true,"P","",false,"",""
"cpb-aacip-512-t43hx1753b_01808606_00692007.jpg",true,"P","",false,"",""
"cpb-aacip-512-t43hx1753b_01808606_00694009.jpg",true,"P","",false,"",""
"cpb-aacip-512-t43hx1753b_01808606_00696011.jpg",true,"P","",false,"",""
"cpb-aacip-512-t43hx1753b_01808606_00698013.jpg",true,"P","",false,"",""
"cpb-aacip-512-t43hx1753b_01808606_00700015.jpg",true,"P","",false,"",""
"cpb-aacip-512-t43hx1753b_01808606_00702001.jpg",true,"P","",false,"",""
"cpb-aacip-512-t43hx1753b_01808606_00704003.jpg",true,"P","",false,"",""
"cpb-aacip-512-t43hx1753b_01808606_00706005.jpg",true,"P","",false,"",""
"cpb-aacip-512-t43hx1753b_01808606_00708007.jpg",true,"P","",false,"",""
"cpb-aacip-512-t43hx1753b_01808606_00710009.jpg",true,"P","",false,"",""
"cpb-aacip-512-t43hx1753b_01808606_00712011.jpg",true,"P","",false,"",""
"cpb-aacip-512-t43hx1753b_01808606_00714013.jpg",true,"P","",false,"",""
"cpb-aacip-512-t43hx1753b_01808606_00716015.jpg",true,"P","",false,"",""
"cpb-aacip-512-t43hx1753b_01808606_00718000.jpg",true,"P","",false,"",""
"cpb-aacip-512-t43hx1753b_01808606_00720002.jpg",true,"P","",false,"",""
"cpb-aacip-512-t43hx1753b_01808606_00722004.jpg",true,"P","",false,"",""
"cpb-aacip-512-t43hx1753b_01808606_00724006.jpg",true,"P","",false,"",""
"cpb-aacip-512-t43hx1753b_01808606_00726008.jpg",true,"P","",false,"",""
"cpb-aacip-512-t43hx1753b_01808606_00728010.jpg",true,"P","",false,"",""
"cpb-aacip-512-t43hx1753b_01808606_00730012.jpg",true,"P","",false,"",""
"cpb-aacip-512-t43hx1753b_01808606_00732014.jpg",true,"P","",false,"",""
"cpb-aacip-512-t43hx1753b_01808606_00734016.jpg",true,"P","",false,"",""
"cpb-aacip-512-t43hx1753b_01808606_00736001.jpg",true,"P","",false,"",""
"cpb-aacip-512-t43hx1753b_01808606_00738003.jpg",true,"P","",false,"",""
"cpb-aacip-512-t43hx1753b_01808606_00740005.jpg",true,"P","",false,"",""
"cpb-aacip-512-t43hx1753b_01808606_00742007.jpg",true,"P","",false,"",""
"cpb-aacip-512-t43hx1753b_01808606_00744009.jpg",true,"P","",false,"",""
"cpb-aacip-512-t43hx1753b_01808606_00746011.jpg",true,"P","",false,"",""
"cpb-aacip-512-t43hx1753b_01808606_00748013.jpg",true,"P","",false,"",""
"cpb-aacip-512-t43hx1753b_01808606_00750015.jpg",true,"P","",false,"",""
"cpb-aacip-512-t43hx1753b_01808606_00752001.jpg",true,"P","",false,"",""
"cpb-aacip-512-t43hx1753b_01808606_00754003.jpg",true,"P","",false,"",""
"cpb-aacip-512-t43hx1753b_01808606_00756005.jpg",true,"P","",false,"",""
"cpb-aacip-512-t43hx1753b_01808606_00758007.jpg",true,"P","",false,"",""
"cpb-aacip-512-t43hx1753b_01808606_00760009.jpg",true,"P","",false,"",""
"cpb-aacip-512-t43hx1753b_01808606_00762011.jpg",true,"P","",false,"",""
"cpb-aacip-512-t43hx1753b_01808606_00764013.jpg",true,"P","",false,"",""
"cpb-aacip-512-t43hx1753b_01808606_00766015.jpg",true,"P","",false,"",""
"cpb-aacip-512-t43hx1753b_01808606_00768000.jpg",true,"P","",false,"",""
"cpb-aacip-512-t43hx1753b_01808606_00770002.jpg",true,"P","",false,"",""
"cpb-aacip-512-t43hx1753b_01808606_00772004.jpg",true,"P","",false,"",""
"cpb-aacip-512-t43hx1753b_01808606_00774006.jpg",true,"P","",false,"",""
"cpb-aacip-512-t43hx1753b_01808606_00776008.jpg",true,"P","",false,"",""
"cpb-aacip-512-t43hx1753b_01808606_00778010.jpg",true,"P","",false,"",""
"cpb-aacip-512-t43hx1753b_01808606_00780012.jpg",true,"P","",false,"",""
"cpb-aacip-512-t43hx1753b_01808606_00782014.jpg",true,"P","",false,"",""
"cpb-aacip-512-t43hx1753b_01808606_00784016.jpg",true,"P","",false,"",""
"cpb-aacip-512-t43hx1753b_01808606_00786001.jpg",true,"P","",false,"",""
"cpb-aacip-512-t43hx1753b_01808606_00788003.jpg",true,"P","",false,"",""
"cpb-aacip-512-t43hx1753b_01808606_00790005.jpg",true,"P","",false,"",""
"cpb-aacip-512-t43hx1753b_01808606_00792007.jpg",true,"P","",false,"",""
"cpb-aacip-512-t43hx1753b_01808606_00794009.jpg",true,"P","",false,"",""
"cpb-aacip-512-t43hx1753b_01808606_00796011.jpg",true,"P","",false,"",""
"cpb-aacip-512-t43hx1753b_01808606_00798013.jpg",true,"P","",false,"",""
"cpb-aacip-512-t43hx1753b_01808606_00800015.jpg",true,"P","",false,"",""
"cpb-aacip-512-t43hx1753b_01808606_00802001.jpg",true,"P","",false,"",""
"cpb-aacip-512-t43hx1753b_01808606_00804003.jpg",true,"P","",false,"",""
"cpb-aacip-512-t43hx1753b_01808606_00806005.jpg",true,"P","",false,"",""
"cpb-aacip-512-t43hx1753b_01808606_00808007.jpg",true,"P","",false,"",""
"cpb-aacip-512-t43hx1753b_01808606_00810009.jpg",true,"P","",false,"",""
"cpb-aacip-512-t43hx1753b_01808606_00812011.jpg",true,"P","",false,"",""
"cpb-aacip-512-t43hx1753b_01808606_00814013.jpg",true,"P","",false,"",""
"cpb-aacip-512-t43hx1753b_01808606_00816015.jpg",true,"P","",false,"",""
"cpb-aacip-512-t43hx1753b_01808606_00818000.jpg",true,"","",false,"",""
"cpb-aacip-512-t43hx1753b_01808606_00820002.jpg",true,"","",false,"",""
"cpb-aacip-512-t43hx1753b_01808606_00822004.jpg",true,"","",false,"",""
"cpb-aacip-512-t43hx1753b_01808606_00824006.jpg",true,"","",false,"",""
"cpb-aacip-512-t43hx1753b_01808606_00826008.jpg",true,"","",false,"",""
"cpb-aacip-512-t43hx1753b_01808606_00828010.jpg",true,"","",false,"",""
"cpb-aacip-512-t43hx1753b_01808606_00830012.jpg",true,"","",false,"",""
"cpb-aacip-512-t43hx1753b_01808606_00832014.jpg",true,"","",false,"",""
"cpb-aacip-512-t43hx1753b_01808606_00834016.jpg",true,"","",false,"",""
"cpb-aacip-512-t43hx1753b_01808606_00836001.jpg",true,"","",false,"",""
"cpb-aacip-512-t43hx1753b_01808606_00838003.jpg",true,"","",false,"",""
"cpb-aacip-512-t43hx1753b_01808606_00840005.jpg",true,"","",false,"",""
"cpb-aacip-512-t43hx1753b_01808606_00842007.jpg",true,"","",false,"",""
"cpb-aacip-512-t43hx1753b_01808606_00844009.jpg",true,"P","",false,"",""
"cpb-aacip-512-t43hx1753b_01808606_00846011.jpg",true,"P","",false,"",""
"cpb-aacip-512-t43hx1753b_01808606_00848013.jpg",true,"P","",false,"",""
"cpb-aacip-512-t43hx1753b_01808606_00850015.jpg",true,"P","",false,"",""
"cpb-aacip-512-t43hx1753b_01808606_00852001.jpg",true,"P","",false,"",""
"cpb-aacip-512-t43hx1753b_01808606_00854003.jpg",true,"P","",false,"",""
"cpb-aacip-512-t43hx1753b_01808606_00856005.jpg",true,"P","",false,"",""
"cpb-aacip-512-t43hx1753b_01808606_00858007.jpg",true,"P","",false,"",""
"cpb-aacip-512-t43hx1753b_01808606_00860009.jpg",true,"P","",false,"",""
"cpb-aacip-512-t43hx1753b_01808606_00862011.jpg",true,"I","",false,"",""
"cpb-aacip-512-t43hx1753b_01808606_00864013.jpg",true,"I","",false,"",""
"cpb-aacip-512-t43hx1753b_01808606_00866015.jpg",true,"I","",false,"",""
"cpb-aacip-512-t43hx1753b_01808606_00868000.jpg",true,"I","",false,"",""
"cpb-aacip-512-t43hx1753b_01808606_00870002.jpg",true,"I","",false,"",""
"cpb-aacip-512-t43hx1753b_01808606_00872004.jpg",true,"I","",false,"",""
"cpb-aacip-512-t43hx1753b_01808606_00874006.jpg",true,"I","",false,"",""
"cpb-aacip-512-t43hx1753b_01808606_00876008.jpg",true,"I","",false,"",""
"cpb-aacip-512-t43hx1753b_01808606_00878010.jpg",true,"I","",false,"",""
"cpb-aacip-512-t43hx1753b_01808606_00880012.jpg",true,"I","",false,"",""
"cpb-aacip-512-t43hx1753b_01808606_00882014.jpg",true,"P","",false,"",""
"cpb-aacip-512-t43hx1753b_01808606_00884016.jpg",true,"P","",false,"",""
"cpb-aacip-512-t43hx1753b_01808606_00886001.jpg",true,"P","",false,"",""
"cpb-aacip-512-t43hx1753b_01808606_00888003.jpg",true,"P","",false,"",""
"cpb-aacip-512-t43hx1753b_01808606_00890005.jpg",true,"P","",false,"",""
"cpb-aacip-512-t43hx1753b_01808606_00892007.jpg",true,"P","",false,"",""
"cpb-aacip-512-t43hx1753b_01808606_00894009.jpg",true,"P","",false,"",""
"cpb-aacip-512-t43hx1753b_01808606_00896011.jpg",true,"P","",false,"",""
"cpb-aacip-512-t43hx1753b_01808606_00898013.jpg",true,"P","",false,"",""
"cpb-aacip-512-t43hx1753b_01808606_00900015.jpg",true,"P","",false,"",""
"cpb-aacip-512-t43hx1753b_01808606_00902001.jpg",true,"P","",false,"",""
"cpb-aacip-512-t43hx1753b_01808606_00904003.jpg",true,"P","",false,"",""
"cpb-aacip-512-t43hx1753b_01808606_00906005.jpg",true,"P","",false,"",""
"cpb-aacip-512-t43hx1753b_01808606_00908007.jpg",true,"P","",false,"",""
"cpb-aacip-512-t43hx1753b_01808606_00910009.jpg",true,"P","",false,"",""
"cpb-aacip-512-t43hx1753b_01808606_00912011.jpg",true,"P","",false,"",""
"cpb-aacip-512-t43hx1753b_01808606_00914013.jpg",true,"P","",false,"",""
"cpb-aacip-512-t43hx1753b_01808606_00916015.jpg",true,"P","",false,"",""
"cpb-aacip-512-t43hx1753b_01808606_00918000.jpg",true,"P","",false,"",""
"cpb-aacip-512-t43hx1753b_01808606_00920002.jpg",true,"P","",false,"",""
"cpb-aacip-512-t43hx1753b_01808606_00922004.jpg",true,"P","",false,"",""
"cpb-aacip-512-t43hx1753b_01808606_00924006.jpg",true,"P","",false,"",""
"cpb-aacip-512-t43hx1753b_01808606_00926008.jpg",true,"P","",false,"",""
"cpb-aacip-512-t43hx1753b_01808606_00928010.jpg",true,"P","",false,"",""
"cpb-aacip-512-t43hx1753b_01808606_00930012.jpg",true,"P","",false,"",""
"cpb-aacip-512-t43hx1753b_01808606_00932014.jpg",true,"P","",false,"",""
"cpb-aacip-512-t43hx1753b_01808606_00934016.jpg",true,"","",false,"",""
"cpb-aacip-512-t43hx1753b_01808606_00936001.jpg",true,"","",false,"",""
"cpb-aacip-512-t43hx1753b_01808606_00938003.jpg",true,"","",false,"",""
"cpb-aacip-512-t43hx1753b_01808606_00940005.jpg",true,"","",false,"",""
"cpb-aacip-512-t43hx1753b_01808606_00942007.jpg",true,"","",false,"",""
"cpb-aacip-512-t43hx1753b_01808606_00944009.jpg",true,"","",false,"",""
"cpb-aacip-512-t43hx1753b_01808606_00946011.jpg",true,"","",false,"",""
"cpb-aacip-512-t43hx1753b_01808606_00948013.jpg",true,"","",false,"",""
"cpb-aacip-512-t43hx1753b_01808606_00950015.jpg",true,"","",false,"",""
"cpb-aacip-512-t43hx1753b_01808606_00952001.jpg",true,"","",false,"",""
"cpb-aacip-512-t43hx1753b_01808606_00954003.jpg",true,"","",false,"",""
"cpb-aacip-512-t43hx1753b_01808606_00956005.jpg",true,"","",false,"",""
"cpb-aacip-512-t43hx1753b_01808606_00958007.jpg",true,"","",false,"",""
"cpb-aacip-512-t43hx1753b_01808606_00960009.jpg",true,"","",false,"",""
"cpb-aacip-512-t43hx1753b_01808606_00962011.jpg",true,"","",false,"",""
"cpb-aacip-512-t43hx1753b_01808606_00964013.jpg",true,"","",false,"",""
"cpb-aacip-512-t43hx1753b_01808606_00966015.jpg",true,"","",false,"",""
"cpb-aacip-512-t43hx1753b_01808606_00968000.jpg",true,"","",false,"",""
"cpb-aacip-512-t43hx1753b_01808606_00970002.jpg",true,"","",false,"",""
"cpb-aacip-512-t43hx1753b_01808606_00972004.jpg",true,"","",false,"",""
"cpb-aacip-512-t43hx1753b_01808606_00974006.jpg",true,"","",false,"",""
"cpb-aacip-512-t43hx1753b_01808606_00976008.jpg",true,"","",false,"",""
"cpb-aacip-512-t43hx1753b_01808606_00978010.jpg",true,"","",false,"",""
"cpb-aacip-512-t43hx1753b_01808606_00980012.jpg",true,"","",false,"",""
"cpb-aacip-512-t43hx1753b_01808606_00982014.jpg",true,"","",false,"",""
"cpb-aacip-512-t43hx1753b_01808606_00984016.jpg",true,"","",false,"",""
"cpb-aacip-512-t43hx1753b_01808606_00986001.jpg",true,"","",false,"",""
"cpb-aacip-512-t43hx1753b_01808606_00988003.jpg",true,"","",false,"",""
"cpb-aacip-512-t43hx1753b_01808606_00990005.jpg",true,"","",false,"",""
"cpb-aacip-512-t43hx1753b_01808606_00992007.jpg",true,"","",false,"",""
"cpb-aacip-512-t43hx1753b_01808606_00994009.jpg",true,"","",false,"",""
"cpb-aacip-512-t43hx1753b_01808606_00996011.jpg",true,"","",false,"",""
"cpb-aacip-512-t43hx1753b_01808606_00998013.jpg",true,"","",false,"",""
"cpb-aacip-512-t43hx1753b_01808606_01000015.jpg",true,"","",false,"",""
"cpb-aacip-512-t43hx1753b_01808606_01002001.jpg",true,"","",false,"",""
"cpb-aacip-512-t43hx1753b_01808606_01004003.jpg",true,"","",false,"",""
"cpb-aacip-512-t43hx1753b_01808606_01006005.jpg",true,"","",false,"",""
"cpb-aacip-512-t43hx1753b_01808606_01008007.jpg",true,"","",false,"",""
"cpb-aacip-512-t43hx1753b_01808606_01010009.jpg",true,"","",false,"",""
"cpb-aacip-512-t43hx1753b_01808606_01012011.jpg",true,"","",false,"",""
"cpb-aacip-512-t43hx1753b_01808606_01014013.jpg",true,"","",false,"",""
"cpb-aacip-512-t43hx1753b_01808606_01016015.jpg",true,"","",false,"",""
"cpb-aacip-512-t43hx1753b_01808606_01018000.jpg",true,"","",false,"",""
"cpb-aacip-512-t43hx1753b_01808606_01020002.jpg",true,"","",false,"",""
"cpb-aacip-512-t43hx1753b_01808606_01022004.jpg",true,"","",false,"",""
"cpb-aacip-512-t43hx1753b_01808606_01024006.jpg",true,"","",false,"",""
"cpb-aacip-512-t43hx1753b_01808606_01026008.jpg",true,"P","",false,"",""
"cpb-aacip-512-t43hx1753b_01808606_01028010.jpg",true,"","",false,"",""
"cpb-aacip-512-t43hx1753b_01808606_01030012.jpg",true,"","",false,"",""
"cpb-aacip-512-t43hx1753b_01808606_01032014.jpg",true,"","",false,"",""
"cpb-aacip-512-t43hx1753b_01808606_01034016.jpg",true,"P","",false,"",""
"cpb-aacip-512-t43hx1753b_01808606_01036001.jpg",true,"P","",false,"",""
"cpb-aacip-512-t43hx1753b_01808606_01038003.jpg",true,"P","",false,"",""
"cpb-aacip-512-t43hx1753b_01808606_01040005.jpg",true,"P","",false,"",""
"cpb-aacip-512-t43hx1753b_01808606_01042007.jpg",true,"P","",false,"",""
"cpb-aacip-512-t43hx1753b_01808606_01044009.jpg",true,"P","",false,"",""
"cpb-aacip-512-t43hx1753b_01808606_01046011.jpg",true,"P","",false,"",""
"cpb-aacip-512-t43hx1753b_01808606_01048013.jpg",true,"P","",false,"",""
"cpb-aacip-512-t43hx1753b_01808606_01050015.jpg",true,"P","",false,"",""
"cpb-aacip-512-t43hx1753b_01808606_01052000.jpg",true,"P","",false,"",""
"cpb-aacip-512-t43hx1753b_01808606_01054002.jpg",true,"P","",false,"",""
"cpb-aacip-512-t43hx1753b_01808606_01056004.jpg",true,"P","",false,"",""
"cpb-aacip-512-t43hx1753b_01808606_01058006.jpg",true,"P","",false,"",""
"cpb-aacip-512-t43hx1753b_01808606_01060008.jpg",true,"P","",false,"",""
"cpb-aacip-512-t43hx1753b_01808606_01062010.jpg",true,"P","",false,"",""
"cpb-aacip-512-t43hx1753b_01808606_01064012.jpg",true,"P","",false,"",""
"cpb-aacip-512-t43hx1753b_01808606_01066014.jpg",true,"P","",false,"",""
"cpb-aacip-512-t43hx1753b_01808606_01068000.jpg",true,"P","",false,"",""
"cpb-aacip-512-t43hx1753b_01808606_01070002.jpg",true,"P","",false,"",""
"cpb-aacip-512-t43hx1753b_01808606_01072004.jpg",true,"P","",false,"",""
"cpb-aacip-512-t43hx1753b_01808606_01074006.jpg",true,"P","",false,"",""
"cpb-aacip-512-t43hx1753b_01808606_01076008.jpg",true,"P","",false,"",""
"cpb-aacip-512-t43hx1753b_01808606_01078010.jpg",true,"P","",false,"",""
"cpb-aacip-512-t43hx1753b_01808606_01080012.jpg",true,"P","",false,"",""
"cpb-aacip-512-t43hx1753b_01808606_01082014.jpg",true,"P","",false,"",""
"cpb-aacip-512-t43hx1753b_01808606_01084016.jpg",true,"P","",false,"",""
"cpb-aacip-512-t43hx1753b_01808606_01086001.jpg",true,"P","",false,"",""
"cpb-aacip-512-t43hx1753b_01808606_01088003.jpg",true,"I","",true,"",""
"cpb-aacip-512-t43hx1753b_01808606_01090005.jpg",true,"I","",false,"",""
"cpb-aacip-512-t43hx1753b_01808606_01092007.jpg",true,"I","",false,"",""
"cpb-aacip-512-t43hx1753b_01808606_01094009.jpg",true,"I","",true,"",""
"cpb-aacip-512-t43hx1753b_01808606_01096011.jpg",true,"P","",false,"",""
"cpb-aacip-512-t43hx1753b_01808606_01098013.jpg",true,"P","",false,"",""
"cpb-aacip-512-t43hx1753b_01808606_01100015.jpg",true,"","",false,"",""
"cpb-aacip-512-t43hx1753b_01808606_01102000.jpg",true,"","",false,"",""
"cpb-aacip-512-t43hx1753b_01808606_01104002.jpg",true,"","",false,"",""
"cpb-aacip-512-t43hx1753b_01808606_01106004.jpg",true,"","",false,"",""
"cpb-aacip-512-t43hx1753b_01808606_01108006.jpg",true,"","",false,"",""
"cpb-aacip-512-t43hx1753b_01808606_01110008.jpg",true,"","",false,"",""
"cpb-aacip-512-t43hx1753b_01808606_01112010.jpg",true,"","",false,"",""
"cpb-aacip-512-t43hx1753b_01808606_01114012.jpg",true,"","",false,"",""
"cpb-aacip-512-t43hx1753b_01808606_01116014.jpg",true,"","",false,"",""
"cpb-aacip-512-t43hx1753b_01808606_01118000.jpg",true,"","",false,"",""
"cpb-aacip-512-t43hx1753b_01808606_01120002.jpg",true,"","",false,"",""
"cpb-aacip-512-t43hx1753b_01808606_01122004.jpg",true,"","",false,"",""
"cpb-aacip-512-t43hx1753b_01808606_01124006.jpg",true,"","",false,"",""
"cpb-aacip-512-t43hx1753b_01808606_01126008.jpg",true,"","",false,"",""
"cpb-aacip-512-t43hx1753b_01808606_01128010.jpg",true,"","",false,"",""
"cpb-aacip-512-t43hx1753b_01808606_01130012.jpg",true,"","",false,"",""
"cpb-aacip-512-t43hx1753b_01808606_01132014.jpg",true,"","",false,"",""
"cpb-aacip-512-t43hx1753b_01808606_01134016.jpg",true,"","",false,"",""
"cpb-aacip-512-t43hx1753b_01808606_01136001.jpg",true,"","",false,"",""
"cpb-aacip-512-t43hx1753b_01808606_01138003.jpg",true,"","",false,"",""
"cpb-aacip-512-t43hx1753b_01808606_01140005.jpg",true,"","",false,"",""
"cpb-aacip-512-t43hx1753b_01808606_01142007.jpg",true,"","",false,"",""
"cpb-aacip-512-t43hx1753b_01808606_01144009.jpg",true,"P","",false,"",""
"cpb-aacip-512-t43hx1753b_01808606_01146011.jpg",true,"P","",false,"",""
"cpb-aacip-512-t43hx1753b_01808606_01148013.jpg",true,"P","",false,"",""
"cpb-aacip-512-t43hx1753b_01808606_01150015.jpg",true,"P","",false,"",""
"cpb-aacip-512-t43hx1753b_01808606_01152000.jpg",true,"P","",false,"",""
"cpb-aacip-512-t43hx1753b_01808606_01154002.jpg",true,"P","",false,"",""
"cpb-aacip-512-t43hx1753b_01808606_01156004.jpg",true,"P","",false,"",""
"cpb-aacip-512-t43hx1753b_01808606_01158006.jpg",true,"P","",false,"",""
"cpb-aacip-512-t43hx1753b_01808606_01160008.jpg",true,"P","",false,"",""
"cpb-aacip-512-t43hx1753b_01808606_01162010.jpg",true,"P","",false,"",""
"cpb-aacip-512-t43hx1753b_01808606_01164012.jpg",true,"P","",false,"",""
"cpb-aacip-512-t43hx1753b_01808606_01166014.jpg",true,"P","",false,"",""
"cpb-aacip-512-t43hx1753b_01808606_01168000.jpg",true,"P","",false,"",""
"cpb-aacip-512-t43hx1753b_01808606_01170002.jpg",true,"P","",false,"",""
"cpb-aacip-512-t43hx1753b_01808606_01172004.jpg",true,"P","",false,"",""
"cpb-aacip-512-t43hx1753b_01808606_01174006.jpg",true,"P","",false,"",""
"cpb-aacip-512-t43hx1753b_01808606_01176008.jpg",true,"P","",false,"",""
"cpb-aacip-512-t43hx1753b_01808606_01178010.jpg",true,"P","",false,"",""
"cpb-aacip-512-t43hx1753b_01808606_01180012.jpg",true,"P","",false,"",""
"cpb-aacip-512-t43hx1753b_01808606_01182014.jpg",true,"P","",false,"",""
"cpb-aacip-512-t43hx1753b_01808606_01184016.jpg",true,"P","",false,"",""
"cpb-aacip-512-t43hx1753b_01808606_01186001.jpg",true,"P","",false,"",""
"cpb-aacip-512-t43hx1753b_01808606_01188003.jpg",true,"P","",false,"",""
"cpb-aacip-512-t43hx1753b_01808606_01190005.jpg",true,"P","",false,"",""
"cpb-aacip-512-t43hx1753b_01808606_01192007.jpg",true,"P","",false,"",""
"cpb-aacip-512-t43hx1753b_01808606_01194009.jpg",true,"P","",false,"",""
"cpb-aacip-512-t43hx1753b_01808606_01196011.jpg",true,"P","",false,"",""
"cpb-aacip-512-t43hx1753b_01808606_01198013.jpg",true,"P","",false,"",""
"cpb-aacip-512-t43hx1753b_01808606_01200015.jpg",true,"P","",false,"",""
"cpb-aacip-512-t43hx1753b_01808606_01202000.jpg",true,"P","",false,"",""
"cpb-aacip-512-t43hx1753b_01808606_01204002.jpg",true,"P","",false,"",""
"cpb-aacip-512-t43hx1753b_01808606_01206004.jpg",true,"P","",false,"",""
"cpb-aacip-512-t43hx1753b_01808606_01208006.jpg",true,"P","",false,"",""
"cpb-aacip-512-t43hx1753b_01808606_01210008.jpg",true,"P","",false,"",""
"cpb-aacip-512-t43hx1753b_01808606_01212010.jpg",true,"P","",false,"",""
"cpb-aacip-512-t43hx1753b_01808606_01214012.jpg",true,"P","",false,"",""
"cpb-aacip-512-t43hx1753b_01808606_01216014.jpg",true,"P","",false,"",""
"cpb-aacip-512-t43hx1753b_01808606_01218000.jpg",true,"P","",false,"",""
"cpb-aacip-512-t43hx1753b_01808606_01220002.jpg",true,"P","",false,"",""
"cpb-aacip-512-t43hx1753b_01808606_01222004.jpg",true,"P","",false,"",""
"cpb-aacip-512-t43hx1753b_01808606_01224006.jpg",true,"P","",false,"",""
"cpb-aacip-512-t43hx1753b_01808606_01226008.jpg",true,"P","",false,"",""
"cpb-aacip-512-t43hx1753b_01808606_01228010.jpg",true,"P","",false,"",""
"cpb-aacip-512-t43hx1753b_01808606_01230012.jpg",true,"P","",false,"",""
"cpb-aacip-512-t43hx1753b_01808606_01232014.jpg",true,"P","",false,"",""
"cpb-aacip-512-t43hx1753b_01808606_01234016.jpg",true,"","",false,"",""
"cpb-aacip-512-t43hx1753b_01808606_01236001.jpg",true,"","",false,"",""
"cpb-aacip-512-t43hx1753b_01808606_01238003.jpg",true,"P","",false,"",""
"cpb-aacip-512-t43hx1753b_01808606_01240005.jpg",true,"P","",false,"",""
"cpb-aacip-512-t43hx1753b_01808606_01242007.jpg",true,"P","",false,"",""
"cpb-aacip-512-t43hx1753b_01808606_01244009.jpg",true,"P","",false,"",""
"cpb-aacip-512-t43hx1753b_01808606_01246011.jpg",true,"P","",false,"",""
"cpb-aacip-512-t43hx1753b_01808606_01248013.jpg",true,"P","",false,"",""
"cpb-aacip-512-t43hx1753b_01808606_01250015.jpg",true,"P","",false,"",""
"cpb-aacip-512-t43hx1753b_01808606_01252000.jpg",true,"P","",false,"",""
"cpb-aacip-512-t43hx1753b_01808606_01254002.jpg",true,"P","",false,"",""
"cpb-aacip-512-t43hx1753b_01808606_01256004.jpg",true,"P","",false,"",""
"cpb-aacip-512-t43hx1753b_01808606_01258006.jpg",true,"P","",false,"",""
"cpb-aacip-512-t43hx1753b_01808606_01260008.jpg",true,"P","",false,"",""
"cpb-aacip-512-t43hx1753b_01808606_01262010.jpg",true,"P","",false,"",""
"cpb-aacip-512-t43hx1753b_01808606_01264012.jpg",true,"P","",false,"",""
"cpb-aacip-512-t43hx1753b_01808606_01266014.jpg",true,"P","",false,"",""
"cpb-aacip-512-t43hx1753b_01808606_01268000.jpg",true,"P","",false,"",""
"cpb-aacip-512-t43hx1753b_01808606_01270002.jpg",true,"","",false,"",""
"cpb-aacip-512-t43hx1753b_01808606_01272004.jpg",true,"","",false,"",""
"cpb-aacip-512-t43hx1753b_01808606_01274006.jpg",true,"","",false,"",""
"cpb-aacip-512-t43hx1753b_01808606_01276008.jpg",true,"","",false,"",""
"cpb-aacip-512-t43hx1753b_01808606_01278010.jpg",true,"","",false,"",""
"cpb-aacip-512-t43hx1753b_01808606_01280012.jpg",true,"P","",false,"",""
"cpb-aacip-512-t43hx1753b_01808606_01282014.jpg",true,"P","",false,"",""
"cpb-aacip-512-t43hx1753b_01808606_01284016.jpg",true,"P","",false,"",""
"cpb-aacip-512-t43hx1753b_01808606_01286001.jpg",true,"P","",false,"",""
"cpb-aacip-512-t43hx1753b_01808606_01288003.jpg",true,"P","",false,"",""
"cpb-aacip-512-t43hx1753b_01808606_01290005.jpg",true,"P","",false,"",""
"cpb-aacip-512-t43hx1753b_01808606_01292007.jpg",true,"P","",false,"",""
"cpb-aacip-512-t43hx1753b_01808606_01294009.jpg",true,"P","",false,"",""
"cpb-aacip-512-t43hx1753b_01808606_01296011.jpg",true,"P","",false,"",""
"cpb-aacip-512-t43hx1753b_01808606_01298013.jpg",true,"P","",false,"",""
"cpb-aacip-512-t43hx1753b_01808606_01300015.jpg",true,"P","",false,"",""
"cpb-aacip-512-t43hx1753b_01808606_01302000.jpg",true,"P","",false,"",""
"cpb-aacip-512-t43hx1753b_01808606_01304002.jpg",true,"P","",false,"",""
"cpb-aacip-512-t43hx1753b_01808606_01306004.jpg",true,"P","",false,"",""
"cpb-aacip-512-t43hx1753b_01808606_01308006.jpg",true,"P","",false,"",""
"cpb-aacip-512-t43hx1753b_01808606_01310008.jpg",true,"P","",false,"",""
"cpb-aacip-512-t43hx1753b_01808606_01312010.jpg",true,"P","",false,"",""
"cpb-aacip-512-t43hx1753b_01808606_01314012.jpg",true,"P","",false,"",""
"cpb-aacip-512-t43hx1753b_01808606_01316014.jpg",true,"P","",false,"",""
"cpb-aacip-512-t43hx1753b_01808606_01318000.jpg",true,"P","",false,"",""
"cpb-aacip-512-t43hx1753b_01808606_01320002.jpg",true,"P","",false,"",""
"cpb-aacip-512-t43hx1753b_01808606_01322004.jpg",true,"P","",false,"",""
"cpb-aacip-512-t43hx1753b_01808606_01324006.jpg",true,"P","",false,"",""
"cpb-aacip-512-t43hx1753b_01808606_01326008.jpg",true,"P","",false,"",""
"cpb-aacip-512-t43hx1753b_01808606_01328010.jpg",true,"P","",false,"",""
"cpb-aacip-512-t43hx1753b_01808606_01330012.jpg",true,"P","",false,"",""
"cpb-aacip-512-t43hx1753b_01808606_01332014.jpg",true,"P","",false,"",""
"cpb-aacip-512-t43hx1753b_01808606_01334016.jpg",true,"P","",false,"",""
"cpb-aacip-512-t43hx1753b_01808606_01336001.jpg",true,"P","",false,"",""
"cpb-aacip-512-t43hx1753b_01808606_01338003.jpg",true,"P","",false,"",""
"cpb-aacip-512-t43hx1753b_01808606_01340005.jpg",true,"P","",false,"",""
"cpb-aacip-512-t43hx1753b_01808606_01342007.jpg",true,"P","",false,"",""
"cpb-aacip-512-t43hx1753b_01808606_01344009.jpg",true,"P","",false,"",""
"cpb-aacip-512-t43hx1753b_01808606_01346011.jpg",true,"P","",false,"",""
"cpb-aacip-512-t43hx1753b_01808606_01348013.jpg",true,"P","",false,"",""
"cpb-aacip-512-t43hx1753b_01808606_01350015.jpg",true,"P","",false,"",""
"cpb-aacip-512-t43hx1753b_01808606_01352000.jpg",true,"P","",false,"",""
"cpb-aacip-512-t43hx1753b_01808606_01354002.jpg",true,"P","",false,"",""
"cpb-aacip-512-t43hx1753b_01808606_01356004.jpg",true,"P","",false,"",""
"cpb-aacip-512-t43hx1753b_01808606_01358006.jpg",true,"P","",false,"",""
"cpb-aacip-512-t43hx1753b_01808606_01360008.jpg",true,"P","",false,"",""
"cpb-aacip-512-t43hx1753b_01808606_01362010.jpg",true,"P","",false,"",""
"cpb-aacip-512-t43hx1753b_01808606_01364012.jpg",true,"P","",false,"",""
"cpb-aacip-512-t43hx1753b_01808606_01366014.jpg",true,"P","",false,"",""
"cpb-aacip-512-t43hx1753b_01808606_01368016.jpg",true,"P","",false,"",""
"cpb-aacip-512-t43hx1753b_01808606_01370001.jpg",true,"P","",false,"",""
"cpb-aacip-512-t43hx1753b_01808606_01372003.jpg",true,"P","",false,"",""
"cpb-aacip-512-t43hx1753b_01808606_01374005.jpg",true,"P","",false,"",""
"cpb-aacip-512-t43hx1753b_01808606_01376007.jpg",true,"P","",false,"",""
"cpb-aacip-512-t43hx1753b_01808606_01378009.jpg",true,"","",false,"",""
"cpb-aacip-512-t43hx1753b_01808606_01380011.jpg",true,"","",false,"",""
"cpb-aacip-512-t43hx1753b_01808606_01382013.jpg",true,"","",false,"",""
"cpb-aacip-512-t43hx1753b_01808606_01384015.jpg",true,"","",false,"",""
"cpb-aacip-512-t43hx1753b_01808606_01386001.jpg",true,"","",false,"",""
"cpb-aacip-512-t43hx1753b_01808606_01388003.jpg",true,"","",false,"",""
"cpb-aacip-512-t43hx1753b_01808606_01390005.jpg",true,"","",false,"",""
"cpb-aacip-512-t43hx1753b_01808606_01392007.jpg",true,"","",false,"",""
"cpb-aacip-512-t43hx1753b_01808606_01394009.jpg",true,"","",false,"",""
"cpb-aacip-512-t43hx1753b_01808606_01396011.jpg",true,"","",false,"",""
"cpb-aacip-512-t43hx1753b_01808606_01398013.jpg",true,"","",false,"",""
"cpb-aacip-512-t43hx1753b_01808606_01400015.jpg",true,"","",false,"",""
"cpb-aacip-512-t43hx1753b_01808606_01402000.jpg",true,"","",false,"",""
"cpb-aacip-512-t43hx1753b_01808606_01404002.jpg",true,"","",false,"",""
"cpb-aacip-512-t43hx1753b_01808606_01406004.jpg",true,"","",false,"",""
"cpb-aacip-512-t43hx1753b_01808606_01408006.jpg",true,"","",false,"",""
"cpb-aacip-512-t43hx1753b_01808606_01410008.jpg",true,"P","",false,"",""
"cpb-aacip-512-t43hx1753b_01808606_01412010.jpg",true,"P","",false,"",""
"cpb-aacip-512-t43hx1753b_01808606_01414012.jpg",true,"P","",false,"",""
"cpb-aacip-512-t43hx1753b_01808606_01416014.jpg",true,"P","",false,"",""
"cpb-aacip-512-t43hx1753b_01808606_01418016.jpg",true,"P","",false,"",""
"cpb-aacip-512-t43hx1753b_01808606_01420001.jpg",true,"P","",false,"",""
"cpb-aacip-512-t43hx1753b_01808606_01422003.jpg",true,"P","",false,"",""
"cpb-aacip-512-t43hx1753b_01808606_01424005.jpg",true,"P","",false,"",""
"cpb-aacip-512-t43hx1753b_01808606_01426007.jpg",true,"P","",false,"",""
"cpb-aacip-512-t43hx1753b_01808606_01428009.jpg",true,"P","",false,"",""
"cpb-aacip-512-t43hx1753b_01808606_01430011.jpg",true,"P","",false,"",""
"cpb-aacip-512-t43hx1753b_01808606_01432013.jpg",true,"P","",false,"",""
"cpb-aacip-512-t43hx1753b_01808606_01434015.jpg",true,"P","",false,"",""
"cpb-aacip-512-t43hx1753b_01808606_01436001.jpg",true,"P","",false,"",""
"cpb-aacip-512-t43hx1753b_01808606_01438003.jpg",true,"P","",false,"",""
"cpb-aacip-512-t43hx1753b_01808606_01440005.jpg",true,"P","",false,"",""
"cpb-aacip-512-t43hx1753b_01808606_01442007.jpg",true,"P","",false,"",""
"cpb-aacip-512-t43hx1753b_01808606_01444009.jpg",true,"P","",false,"",""
"cpb-aacip-512-t43hx1753b_01808606_01446011.jpg",true,"P","",false,"",""
"cpb-aacip-512-t43hx1753b_01808606_01448013.jpg",true,"P","",false,"",""
"cpb-aacip-512-t43hx1753b_01808606_01450015.jpg",true,"P","",false,"",""
"cpb-aacip-512-t43hx1753b_01808606_01452000.jpg",true,"P","",false,"",""
"cpb-aacip-512-t43hx1753b_01808606_01454002.jpg",true,"P","",false,"",""
"cpb-aacip-512-t43hx1753b_01808606_01456004.jpg",true,"P","",false,"",""
"cpb-aacip-512-t43hx1753b_01808606_01458006.jpg",true,"P","",false,"",""
"cpb-aacip-512-t43hx1753b_01808606_01460008.jpg",true,"P","",false,"",""
"cpb-aacip-512-t43hx1753b_01808606_01462010.jpg",true,"P","",false,"",""
"cpb-aacip-512-t43hx1753b_01808606_01464012.jpg",true,"P","",false,"",""
"cpb-aacip-512-t43hx1753b_01808606_01466014.jpg",true,"P","",false,"",""
"cpb-aacip-512-t43hx1753b_01808606_01468016.jpg",true,"P","",false,"",""
"cpb-aacip-512-t43hx1753b_01808606_01470001.jpg",true,"P","",false,"",""
"cpb-aacip-512-t43hx1753b_01808606_01472003.jpg",true,"P","",false,"",""
"cpb-aacip-512-t43hx1753b_01808606_01474005.jpg",true,"P","",false,"",""
"cpb-aacip-512-t43hx1753b_01808606_01476007.jpg",true,"P","",false,"",""
"cpb-aacip-512-t43hx1753b_01808606_01478009.jpg",true,"P","",false,"",""
"cpb-aacip-512-t43hx1753b_01808606_01480011.jpg",true,"P","",false,"",""
"cpb-aacip-512-t43hx1753b_01808606_01482013.jpg",true,"P","",false,"",""
"cpb-aacip-512-t43hx1753b_01808606_01484015.jpg",true,"P","",false,"",""
"cpb-aacip-512-t43hx1753b_01808606_01486001.jpg",true,"P","",false,"",""
"cpb-aacip-512-t43hx1753b_01808606_01488003.jpg",true,"P","",false,"",""
"cpb-aacip-512-t43hx1753b_01808606_01490005.jpg",true,"P","",false,"",""
"cpb-aacip-512-t43hx1753b_01808606_01492007.jpg",true,"P","",false,"",""
"cpb-aacip-512-t43hx1753b_01808606_01494009.jpg",true,"P","",false,"",""
"cpb-aacip-512-t43hx1753b_01808606_01496011.jpg",true,"P","",false,"",""
"cpb-aacip-512-t43hx1753b_01808606_01498013.jpg",true,"P","",false,"",""
"cpb-aacip-512-t43hx1753b_01808606_01500015.jpg",true,"P","",false,"",""
"cpb-aacip-512-t43hx1753b_01808606_01502000.jpg",true,"P","",false,"",""
"cpb-aacip-512-t43hx1753b_01808606_01504002.jpg",true,"P","",false,"",""
"cpb-aacip-512-t43hx1753b_01808606_01506004.jpg",true,"P","",false,"",""
"cpb-aacip-512-t43hx1753b_01808606_01508006.jpg",true,"P","",false,"",""
"cpb-aacip-512-t43hx1753b_01808606_01510008.jpg",true,"P","",false,"",""
"cpb-aacip-512-t43hx1753b_01808606_01512010.jpg",true,"P","",false,"",""
"cpb-aacip-512-t43hx1753b_01808606_01514012.jpg",true,"P","",false,"",""
"cpb-aacip-512-t43hx1753b_01808606_01516014.jpg",true,"P","",false,"",""
"cpb-aacip-512-t43hx1753b_01808606_01518016.jpg",true,"P","",false,"",""
"cpb-aacip-512-t43hx1753b_01808606_01520001.jpg",true,"P","",false,"",""
"cpb-aacip-512-t43hx1753b_01808606_01522003.jpg",true,"P","",false,"",""
"cpb-aacip-512-t43hx1753b_01808606_01524005.jpg",true,"P","",false,"",""
"cpb-aacip-512-t43hx1753b_01808606_01526007.jpg",true,"P","",false,"",""
"cpb-aacip-512-t43hx1753b_01808606_01528009.jpg",true,"I","",false,"",""
"cpb-aacip-512-t43hx1753b_01808606_01530011.jpg",true,"I","",false,"",""
"cpb-aacip-512-t43hx1753b_01808606_01532013.jpg",true,"I","",false,"",""
"cpb-aacip-512-t43hx1753b_01808606_01534015.jpg",true,"I","",false,"",""
"cpb-aacip-512-t43hx1753b_01808606_01536001.jpg",true,"I","",false,"",""
"cpb-aacip-512-t43hx1753b_01808606_01538003.jpg",true,"I","",false,"",""
"cpb-aacip-512-t43hx1753b_01808606_01540005.jpg",true,"I","",false,"",""
"cpb-aacip-512-t43hx1753b_01808606_01542007.jpg",true,"I","",false,"",""
"cpb-aacip-512-t43hx1753b_01808606_01544009.jpg",true,"I","",false,"",""
"cpb-aacip-512-t43hx1753b_01808606_01546011.jpg",true,"I","",false,"",""
"cpb-aacip-512-t43hx1753b_01808606_01548013.jpg",true,"P","",false,"",""
"cpb-aacip-512-t43hx1753b_01808606_01550015.jpg",true,"P","",false,"",""
"cpb-aacip-512-t43hx1753b_01808606_01552000.jpg",true,"P","",false,"",""
"cpb-aacip-512-t43hx1753b_01808606_01554002.jpg",true,"P","",false,"",""
"cpb-aacip-512-t43hx1753b_01808606_01556004.jpg",true,"P","",false,"",""
"cpb-aacip-512-t43hx1753b_01808606_01558006.jpg",true,"P","",false,"",""
"cpb-aacip-512-t43hx1753b_01808606_01560008.jpg",true,"P","",false,"",""
"cpb-aacip-512-t43hx1753b_01808606_01562010.jpg",true,"P","",false,"",""
"cpb-aacip-512-t43hx1753b_01808606_01564012.jpg",true,"P","",false,"",""
"cpb-aacip-512-t43hx1753b_01808606_01566014.jpg",true,"P","",false,"",""
"cpb-aacip-512-t43hx1753b_01808606_01568016.jpg",true,"P","",false,"",""
"cpb-aacip-512-t43hx1753b_01808606_01570001.jpg",true,"P","",false,"",""
"cpb-aacip-512-t43hx1753b_01808606_01572003.jpg",true,"P","",false,"",""
"cpb-aacip-512-t43hx1753b_01808606_01574005.jpg",true,"P","",false,"",""
"cpb-aacip-512-t43hx1753b_01808606_01576007.jpg",true,"P","",false,"",""
"cpb-aacip-512-t43hx1753b_01808606_01578009.jpg",true,"P","",false,"",""
"cpb-aacip-512-t43hx1753b_01808606_01580011.jpg",true,"P","",false,"",""
"cpb-aacip-512-t43hx1753b_01808606_01582013.jpg",true,"P","",false,"",""
"cpb-aacip-512-t43hx1753b_01808606_01584015.jpg",true,"P","",false,"",""
"cpb-aacip-512-t43hx1753b_01808606_01586001.jpg",true,"P","",false,"",""
"cpb-aacip-512-t43hx1753b_01808606_01588003.jpg",true,"P","",false,"",""
"cpb-aacip-512-t43hx1753b_01808606_01590005.jpg",true,"P","",false,"",""
"cpb-aacip-512-t43hx1753b_01808606_01592007.jpg",true,"P","",false,"",""
"cpb-aacip-512-t43hx1753b_01808606_01594009.jpg",true,"","",false,"",""
"cpb-aacip-512-t43hx1753b_01808606_01596011.jpg",true,"","",false,"",""
"cpb-aacip-512-t43hx1753b_01808606_01598013.jpg",true,"","",false,"",""
"cpb-aacip-512-t43hx1753b_01808606_01600015.jpg",true,"","",false,"",""
"cpb-aacip-512-t43hx1753b_01808606_01602000.jpg",true,"","",false,"",""
"cpb-aacip-512-t43hx1753b_01808606_01604002.jpg",true,"","",false,"",""
"cpb-aacip-512-t43hx1753b_01808606_01606004.jpg",true,"","",false,"",""
"cpb-aacip-512-t43hx1753b_01808606_01608006.jpg",true,"","",false,"",""
"cpb-aacip-512-t43hx1753b_01808606_01610008.jpg",true,"","",false,"",""
"cpb-aacip-512-t43hx1753b_01808606_01612010.jpg",true,"","",false,"",""
"cpb-aacip-512-t43hx1753b_01808606_01614012.jpg",true,"","",false,"",""
"cpb-aacip-512-t43hx1753b_01808606_01616014.jpg",true,"P","",false,"",""
"cpb-aacip-512-t43hx1753b_01808606_01618016.jpg",true,"P","",false,"",""
"cpb-aacip-512-t43hx1753b_01808606_01620001.jpg",true,"P","",false,"",""
"cpb-aacip-512-t43hx1753b_01808606_01622003.jpg",true,"P","",false,"",""
"cpb-aacip-512-t43hx1753b_01808606_01624005.jpg",true,"P","",false,"",""
"cpb-aacip-512-t43hx1753b_01808606_01626007.jpg",true,"P","",false,"",""
"cpb-aacip-512-t43hx1753b_01808606_01628009.jpg",true,"P","",false,"",""
"cpb-aacip-512-t43hx1753b_01808606_01630011.jpg",true,"P","",false,"",""
"cpb-aacip-512-t43hx1753b_01808606_01632013.jpg",true,"P","",false,"",""
"cpb-aacip-512-t43hx1753b_01808606_01634015.jpg",true,"P","",false,"",""
"cpb-aacip-512-t43hx1753b_01808606_01636001.jpg",true,"P","",false,"",""
"cpb-aacip-512-t43hx1753b_01808606_01638003.jpg",true,"P","",false,"",""
"cpb-aacip-512-t43hx1753b_01808606_01640005.jpg",true,"P","",false,"",""
"cpb-aacip-512-t43hx1753b_01808606_01642007.jpg",true,"P","",false,"",""
"cpb-aacip-512-t43hx1753b_01808606_01644009.jpg",true,"P","",false,"",""
"cpb-aacip-512-t43hx1753b_01808606_01646011.jpg",true,"P","",false,"",""
"cpb-aacip-512-t43hx1753b_01808606_01648013.jpg",true,"P","",false,"",""
"cpb-aacip-512-t43hx1753b_01808606_01650015.jpg",true,"P","",false,"",""
"cpb-aacip-512-t43hx1753b_01808606_01652000.jpg",true,"P","",false,"",""
"cpb-aacip-512-t43hx1753b_01808606_01654002.jpg",true,"P","",false,"",""
"cpb-aacip-512-t43hx1753b_01808606_01656004.jpg",true,"P","",false,"",""
"cpb-aacip-512-t43hx1753b_01808606_01658006.jpg",true,"P","",false,"",""
"cpb-aacip-512-t43hx1753b_01808606_01660008.jpg",true,"P","",false,"",""
"cpb-aacip-512-t43hx1753b_01808606_01662010.jpg",true,"P","",false,"",""
"cpb-aacip-512-t43hx1753b_01808606_01664012.jpg",true,"P","",false,"",""
"cpb-aacip-512-t43hx1753b_01808606_01666014.jpg",true,"P","",false,"",""
"cpb-aacip-512-t43hx1753b_01808606_01668016.jpg",true,"P","",false,"",""
"cpb-aacip-512-t43hx1753b_01808606_01670001.jpg",true,"P","",false,"",""
"cpb-aacip-512-t43hx1753b_01808606_01672003.jpg",true,"P","",false,"",""
"cpb-aacip-512-t43hx1753b_01808606_01674005.jpg",true,"P","",false,"",""
"cpb-aacip-512-t43hx1753b_01808606_01676007.jpg",true,"P","",false,"",""
"cpb-aacip-512-t43hx1753b_01808606_01678009.jpg",true,"P","",false,"",""
"cpb-aacip-512-t43hx1753b_01808606_01680011.jpg",true,"P","",false,"",""
"cpb-aacip-512-t43hx1753b_01808606_01682013.jpg",true,"P","",false,"",""
"cpb-aacip-512-t43hx1753b_01808606_01684015.jpg",true,"P","",false,"",""
"cpb-aacip-512-t43hx1753b_01808606_01686000.jpg",true,"P","",false,"",""
"cpb-aacip-512-t43hx1753b_01808606_01688002.jpg",true,"P","",false,"",""
"cpb-aacip-512-t43hx1753b_01808606_01690004.jpg",true,"P","",false,"",""
"cpb-aacip-512-t43hx1753b_01808606_01692006.jpg",true,"P","",false,"",""
"cpb-aacip-512-t43hx1753b_01808606_01694008.jpg",true,"P","",false,"",""
"cpb-aacip-512-t43hx1753b_01808606_01696010.jpg",true,"P","",false,"",""
"cpb-aacip-512-t43hx1753b_01808606_01698012.jpg",true,"P","",false,"",""
"cpb-aacip-512-t43hx1753b_01808606_01700014.jpg",true,"P","",false,"",""
"cpb-aacip-512-t43hx1753b_01808606_01702000.jpg",true,"P","",false,"",""
"cpb-aacip-512-t43hx1753b_01808606_01704002.jpg",true,"","",false,"",""
"cpb-aacip-512-t43hx1753b_01808606_01706004.jpg",true,"","",false,"",""
"cpb-aacip-512-t43hx1753b_01808606_01708006.jpg",true,"","",false,"",""
"cpb-aacip-512-t43hx1753b_01808606_01710008.jpg",true,"","",false,"",""
"cpb-aacip-512-t43hx1753b_01808606_01712010.jpg",true,"","",false,"",""
"cpb-aacip-512-t43hx1753b_01808606_01714012.jpg",true,"","",false,"",""
"cpb-aacip-512-t43hx1753b_01808606_01716014.jpg",true,"","",false,"",""
"cpb-aacip-512-t43hx1753b_01808606_01718016.jpg",true,"","",false,"",""
"cpb-aacip-512-t43hx1753b_01808606_01720001.jpg",true,"","",false,"",""
"cpb-aacip-512-t43hx1753b_01808606_01722003.jpg",true,"","",false,"",""
"cpb-aacip-512-t43hx1753b_01808606_01724005.jpg",true,"","",false,"",""
"cpb-aacip-512-t43hx1753b_01808606_01726007.jpg",true,"P","",false,"",""
"cpb-aacip-512-t43hx1753b_01808606_01728009.jpg",true,"P","",false,"",""
"cpb-aacip-512-t43hx1753b_01808606_01730011.jpg",true,"P","",false,"",""
"cpb-aacip-512-t43hx1753b_01808606_01732013.jpg",true,"P","",false,"",""
"cpb-aacip-512-t43hx1753b_01808606_01734015.jpg",true,"P","",false,"",""
"cpb-aacip-512-t43hx1753b_01808606_01736000.jpg",true,"P","",false,"",""
"cpb-aacip-512-t43hx1753b_01808606_01738002.jpg",true,"M","",false,"",""
"cpb-aacip-512-t43hx1753b_01808606_01740004.jpg",true,"M","",false,"",""
"cpb-aacip-512-t43hx1753b_01808606_01742006.jpg",true,"M","",false,"",""
"cpb-aacip-512-t43hx1753b_01808606_01744008.jpg",true,"M","",false,"",""
"cpb-aacip-512-t43hx1753b_01808606_01746010.jpg",true,"M","",false,"",""
"cpb-aacip-512-t43hx1753b_01808606_01748012.jpg",true,"M","",false,"",""
"cpb-aacip-512-t43hx1753b_01808606_01750014.jpg",true,"M","",false,"",""
"cpb-aacip-512-t43hx1753b_01808606_01752000.jpg",true,"M","",false,"",""
"cpb-aacip-512-t43hx1753b_01808606_01754002.jpg",true,"F","",false,"",""
"cpb-aacip-512-t43hx1753b_01808606_01756004.jpg",true,"C","",false,"",""
"cpb-aacip-512-t43hx1753b_01808606_01758006.jpg",true,"C","",false,"",""
"cpb-aacip-512-t43hx1753b_01808606_01760008.jpg",true,"C","",false,"",""
"cpb-aacip-512-t43hx1753b_01808606_01762010.jpg",true,"C","",false,"",""
"cpb-aacip-512-t43hx1753b_01808606_01764012.jpg",true,"C","",false,"",""
"cpb-aacip-512-t43hx1753b_01808606_01766014.jpg",true,"C","",false,"",""
"cpb-aacip-512-t43hx1753b_01808606_01768016.jpg",true,"C","",false,"",""
"cpb-aacip-512-t43hx1753b_01808606_01770001.jpg",true,"C","",false,"",""
"cpb-aacip-512-t43hx1753b_01808606_01772003.jpg",true,"C","",false,"",""
"cpb-aacip-512-t43hx1753b_01808606_01774005.jpg",true,"C","",false,"",""
"cpb-aacip-512-t43hx1753b_01808606_01776007.jpg",true,"C","",false,"",""
"cpb-aacip-512-t43hx1753b_01808606_01778009.jpg",true,"C","",false,"",""
"cpb-aacip-512-t43hx1753b_01808606_01780011.jpg",true,"C","",false,"",""
"cpb-aacip-512-t43hx1753b_01808606_01782013.jpg",true,"C","",false,"",""
"cpb-aacip-512-t43hx1753b_01808606_01784015.jpg",true,"C","",false,"",""
"cpb-aacip-512-t43hx1753b_01808606_01786000.jpg",true,"C","",false,"",""
"cpb-aacip-512-t43hx1753b_01808606_01788002.jpg",true,"C","",false,"",""
"cpb-aacip-512-t43hx1753b_01808606_01790004.jpg",true,"C","",false,"",""
"cpb-aacip-512-t43hx1753b_01808606_01792006.jpg",true,"R","",false,"",""
"cpb-aacip-512-t43hx1753b_01808606_01794008.jpg",true,"R","",false,"",""
"cpb-aacip-512-t43hx1753b_01808606_01796010.jpg",true,"R","",false,"",""
"cpb-aacip-512-t43hx1753b_01808606_01798012.jpg",true,"L","",true,"",""
"cpb-aacip-512-t43hx1753b_01808606_01800014.jpg",true,"L","",false,"",""
"cpb-aacip-512-t43hx1753b_01808606_01802000.jpg",true,"L","",false,"",""
"cpb-aacip-512-t43hx1753b_01808606_01804002.jpg",true,"L","",false,"",""
"cpb-aacip-512-t43hx1753b_01808606_01806004.jpg",true,"","",false,"",""
"cpb-aacip-512-t43hx1753b_01808606_01808006.jpg",true,"","",false,"",""