video_filename,start_time,end_time,text
cpb-aacip-507-1v5bc3tf81.mp4,220.7771,225.5271,George Mitchell\nU.S. Olympics Investigation
cpb-aacip-507-1v5bc3tf81.mp4,367.7771,372.0271,Khieu Samphan\nKhmer Rouge Defector
cpb-aacip-507-1v5bc3tf81.mp4,481.2771,485.0271,"Juan Antonio Samaranch\nPresident, International Olympic Cmte."
cpb-aacip-507-1v5bc3tf81.mp4,559.2771,564.7771,George Mitchell\nU.S. Olympics Investigation
cpb-aacip-507-1v5bc3tf81.mp4,661.5271,664.0271,Christine Brennan\nSports Writer
cpb-aacip-507-1v5bc3tf81.mp4,723.2771,727.7771,Howard Berkes\nNational Public Radio
cpb-aacip-507-1v5bc3tf81.mp4,771.5271,775.7771,Howard Berkes\nNational Public Radio
cpb-aacip-507-1v5bc3tf81.mp4,825.2771,828.5271,Christine Brennan\nSports Writer
cpb-aacip-507-1v5bc3tf81.mp4,927.5271,931.0271,Howard Berkes\nNational Public Radio
cpb-aacip-507-1v5bc3tf81.mp4,1012.7771,1014.5271,Christine Brennan\nSports Writer
cpb-aacip-507-1v5bc3tf81.mp4,1103.5271,1108.0271,Howard Berkes\nNational Public Radio
cpb-aacip-507-1v5bc3tf81.mp4,1232.0271,1233.5271,Christine Brennan\nSports Writer
cpb-aacip-507-1v5bc3tf81.mp4,1568.0271,1571.2771,Janet Abramovitz\nWorldwatch Institute
cpb-aacip-507-1v5bc3tf81.mp4,1652.7771,1655.0271,Janet Abramovitz\nWorldwatch Institute
cpb-aacip-507-1v5bc3tf81.mp4,1661.2771,1664.5271,John Clizbe\nAmerican Red Cross
cpb-aacip-507-1v5bc3tf81.mp4,1690.7771,1694.5271,John Clizbe\nAmerican Red Cross
cpb-aacip-507-1v5bc3tf81.mp4,1726.0271,1731.0271,Bob Watson\nWorld Bank
cpb-aacip-507-1v5bc3tf81.mp4,1757.5271,1763.0271,Bob Watson\nWorld Bank
cpb-aacip-507-1v5bc3tf81.mp4,1821.5271,1827.2771,Bob Watson\nWorld Bank
cpb-aacip-507-1v5bc3tf81.mp4,1882.5271,1886.7771,Janet Abramovitz\nWorldwatch Institute
cpb-aacip-507-1v5bc3tf81.mp4,1979.0271,1983.5271,Janet Abramovitz\nWorldwatch Institute
cpb-aacip-507-1v5bc3tf81.mp4,2035.5271,2039.2771,John Clizbe\nAmerican Red Cross
cpb-aacip-507-1v5bc3tf81.mp4,2075.2771,2080.0271,John Clizbe\nAmerican Red Cross
cpb-aacip-507-1v5bc3tf81.mp4,2142.7771,2147.0271,John Clizbe\nAmerican Red Cross
cpb-aacip-507-1v5bc3tf81.mp4,2250.0271,2254.5271,Bob Watson\nWorld Bank
cpb-aacip-507-1v5bc3tf81.mp4,2376.5271,2381.0271,Gray Russrock\nBoeing Machinist
cpb-aacip-507-1v5bc3tf81.mp4,2393.5271,2396.7771,Anthony Carson\nBoeing Machinist
cpb-aacip-507-1v5bc3tf81.mp4,2421.0271,2424.7771,"Alan Mulally\nPres., Boeing Commercial Airplane Div."
cpb-aacip-507-1v5bc3tf81.mp4,2460.5271,2465.0271,Jin Cho\nAsiana Airlines
cpb-aacip-507-1v5bc3tf81.mp4,2521.2771,2525.2771,"Charles Hill\nEconomist, University of Washington"
cpb-aacip-507-1v5bc3tf81.mp4,2581.0271,2585.0271,Tim Goree
cpb-aacip-507-1v5bc3tf81.mp4,2653.0271,2658.7771,"Charles Hill\nEconomist, University of Washington"
cpb-aacip-507-1v5bc3tf81.mp4,2684.7771,2688.7771,"Alan Mulally\nPres., Boeing Commercial Airplane Div."
cpb-aacip-507-1v5bc3tf81.mp4,2732.0271,2736.5271,Dick Conway\nEconomist
cpb-aacip-507-1v5bc3tf81.mp4,2812.2771,2817.0271,Terence Smith
cpb-aacip-507-1v5bc3tf81.mp4,2854.0271,2860.0271,"Henry Kamm\nAuthor, ""Cambodia: Report from\na Stricken Land"""
cpb-aacip-507-1v5bc3tf81.mp4,2946.0271,2952.5271,"Henry Kamm\nAuthor, ""Cambodia: Report from\na Stricken Land"""
cpb-aacip-507-1v5bc3tf81.mp4,2998.5271,3006.5271,"Henry Kamm\nAuthor, ""Cambodia: Report from\na Stricken Land"""
cpb-aacip-507-1v5bc3tf81.mp4,3140.0271,3147.0271,"Henry Kamm\nAuthor, ""Cambodia: Report from\na Stricken Land"""
cpb-aacip-507-1v5bc3tf81.mp4,3194.7771,3201.2771,"Henry Kamm\nAuthor, ""Cambodia: Report from\na Stricken Land"""
cpb-aacip-507-1v5bc3tf81.mp4,3259.0271,3265.2771,"Henry Kamm\nAuthor, ""Cambodia: Report from\na Stricken Land"""
cpb-aacip-507-1v5bc3tf81.mp4,3289.2771,3295.7771,"Henry Kamm\nAuthor, ""Cambodia: Report from\na Stricken Land"""
cpb-aacip-507-4t6f18t178.mp4,224.5271,230.2771,JIM LEHRER\nWASHINGTON
cpb-aacip-507-4t6f18t178.mp4,311.2771,319.2771,JERRY JONES\nUMW LOCAL PRESIDENT
cpb-aacip-507-4t6f18t178.mp4,409.7771,418.5271,JERRY JONES\nUMW LOCAL PRESIDENT
cpb-aacip-507-4t6f18t178.mp4,543.5271,548.5271,"THOMAS N. BETHELL\nEDITOR, ""COAL PATROL"""
cpb-aacip-507-4t6f18t178.mp4,665.7771,670.0271,"THOMAS N. BETHELL\nEDITOR, ""COAL PATROL"""
cpb-aacip-507-4t6f18t178.mp4,774.2771,780.2771,JOHN HOERR\nBUSINESS WEEK
cpb-aacip-507-4t6f18t178.mp4,1046.0271,1049.7771,"THOMAS N. BETHELL\nEDITOR, ""COAL PATROL"""
cpb-aacip-507-4t6f18t178.mp4,1213.0271,1217.0271,JOHN HOERR\nBUSINESS WEEK
cpb-aacip-507-4t6f18t178.mp4,1353.5271,1360.5271,JERRY JONES\nUMW LOCAL PRESIDENT
cpb-aacip-507-4t6f18t178.mp4,1517.0271,1520.5271,JOHN HOERR\nBUSINESS WEEK
cpb-aacip-507-4t6f18t178.mp4,1595.5271,1598.7771,"THOMAS N. BETHELL\nEDITOR, ""COAL PATROL"""
cpb-aacip-507-4t6f18t178.mp4,1679.0271,1683.0271,JOHN HOERR\nBUSINESS WEEK
cpb-aacip-507-7659c6sk7z.mp4,186.5271,190.2771,ROBERT MacNEIL\nNEW YORK
cpb-aacip-507-7659c6sk7z.mp4,418.7771,422.5271,LIN BIAO\nTECHNICAL MANAGER
cpb-aacip-507-7659c6sk7z.mp4,522.0271,525.5271,DAVID McLEOD\nHONG KONG BUSINESSMAN
cpb-aacip-507-7659c6sk7z.mp4,906.7771,911.0271,JOHN BARKER\nBRITISH TRADER
cpb-aacip-507-7659c6sk7z.mp4,1184.5271,1188.2771,BILL MOSELY\nHONG KONG BANKER
cpb-aacip-507-7659c6sk7z.mp4,1549.0271,1552.5271,KANG SHI'EN\nVICE PREMIER
cpb-aacip-507-m61bk17f5g.mp4,301.7771,305.2771,Rep. LEE HAMILTON\n(D) Indiana
cpb-aacip-507-m61bk17f5g.mp4,405.7771,408.5271,Rep. EDWARD MARKEY\n(D) Massachusetts
cpb-aacip-507-m61bk17f5g.mp4,434.5271,437.2771,Rep. ROBERT LAGOMARSINO\n(R) California
cpb-aacip-507-m61bk17f5g.mp4,601.5271,607.0271,NINA TOTENBERG\nNational Public Radio
cpb-aacip-507-m61bk17f5g.mp4,828.0271,832.2771,NINA TOTENBERG\nNational Public Radio
cpb-aacip-507-m61bk17f5g.mp4,1022.7771,1025.5271,Rep. DAVID BONIOR\n(D) Michigan
cpb-aacip-507-m61bk17f5g.mp4,1089.5271,1091.7771,Rep. TRENT LOTT\n(R) Mississippi
cpb-aacip-507-m61bk17f5g.mp4,1095.5271,1098.2771,Rep. JUDD GREGG\n(R) New Hampshire
cpb-aacip-507-m61bk17f5g.mp4,1100.7771,1103.0271,Rep. JON KYL\n(R) Arizona
cpb-aacip-507-m61bk17f5g.mp4,1110.2771,1113.0271,Rep. JAMES TRAFICANT\n(D) Ohio
cpb-aacip-507-m61bk17f5g.mp4,1168.0271,1170.7771,Rep. DUNCAN HUNTER\n(R) California
cpb-aacip-507-m61bk17f5g.mp4,1189.5271,1193.7771,Rep. GEORGE MILLER\n(D) California
cpb-aacip-507-m61bk17f5g.mp4,1243.2771,1247.0271,Rep. J. ALEX McMILLAN\n(R) North Carolina
cpb-aacip-507-m61bk17f5g.mp4,1421.5271,1425.7771,PAUL SOLMAN
cpb-aacip-507-m61bk17f5g.mp4,1708.7771,1711.5271,PAUL SOLMAN
cpb-aacip-507-m61bk17f5g.mp4,1884.2771,1889.2771,DENIS WOODFIELD\nJohnson & Johnson Executive
cpb-aacip-507-m61bk17f5g.mp4,1938.2771,1942.7771,CURT WILBUR\nLive For Life
cpb-aacip-507-m61bk17f5g.mp4,2022.7771,2027.2771,JOHN HUGHES\nOccupational Medicine Specialist
cpb-aacip-507-m61bk17f5g.mp4,2556.0271,2561.0271,MICHAEL O'CONNELL\nIndependent Drivers' Association
cpb-aacip-507-m61bk17f5g.mp4,2670.7771,2676.2771,BRIAN O'NEILL\nInsurance Institute
cpb-aacip-507-m61bk17f5g.mp4,2934.0271,2939.7771,MICHAEL O'CONNELL\nIndependent Drivers' Association
cpb-aacip-507-m61bk17f5g.mp4,2948.0271,2953.7771,BRIAN O'NEILL\nInsurance Institute
cpb-aacip-507-n29p26qt59.mp4,561.5271,566.2771,Donald Rumsfeld\nSecretary of Defense-designate
cpb-aacip-507-n29p26qt59.mp4,762.5271,767.0271,Gen. George Joulwan (Ret.)\nU.S. Army
cpb-aacip-507-n29p26qt59.mp4,825.2771,828.5271,John Isaacs\nCouncil for a Livable World
cpb-aacip-507-n29p26qt59.mp4,862.7771,867.7771,James Woolsey\nFormer CIA Director
cpb-aacip-507-n29p26qt59.mp4,906.7771,911.0271,James Woolsey\nFormer CIA Director
cpb-aacip-507-n29p26qt59.mp4,993.0271,997.7771,Gen. George Joulwan (Ret.)\nU.S. Army
cpb-aacip-507-n29p26qt59.mp4,1061.2771,1065.5271,John Isaacs\nCouncil for a Livable World
cpb-aacip-507-n29p26qt59.mp4,1136.0271,1140.2771,Gen. George Joulwan (Ret.)\nU.S. Army
cpb-aacip-507-n29p26qt59.mp4,1158.2771,1162.5271,James Woolsey\nFormer CIA Director
cpb-aacip-507-n29p26qt59.mp4,1245.0271,1250.0271,John Isaacs\nCouncil for a Livable World
cpb-aacip-507-n29p26qt59.mp4,1297.7771,1300.5271,James Woolsey\nFormer CIA Director
cpb-aacip-507-n29p26qt59.mp4,1349.0271,1353.7771,Gen. George Joulwan (Ret.)\nU.S. Army
cpb-aacip-507-n29p26qt59.mp4,1384.0271,1387.2771,John Isaacs\nCouncil for a Livable World
cpb-aacip-507-n29p26qt59.mp4,1421.5271,1425.7771,James Woolsey\nFormer CIA Director
cpb-aacip-507-n29p26qt59.mp4,1488.2771,1492.5271,Gen. George Joulwan (Ret.)\nU.S. Army
cpb-aacip-507-n29p26qt59.mp4,1664.7771,1669.7771,Paul Solman
cpb-aacip-507-n29p26qt59.mp4,1696.7771,1701.5271,"Vanessa Kirsch\nNew Profit, Inc."
cpb-aacip-507-n29p26qt59.mp4,1710.2771,1715.2771,"Kelly Fitzsimmons\nNew Profit, Inc."
cpb-aacip-507-n29p26qt59.mp4,1804.0271,1808.5271,Ned Rimer\nCitizen Schools
cpb-aacip-507-n29p26qt59.mp4,1883.7771,1889.0271,Robert Kaplan\nHarvard Business School
cpb-aacip-507-n29p26qt59.mp4,1996.5271,2001.7771,Aaron Lieberman\nJumpstart
cpb-aacip-507-n29p26qt59.mp4,2081.2771,2085.7771,"Kelly Fitzsimmons\nNew Profit, Inc."
cpb-aacip-507-n29p26qt59.mp4,2118.0271,2123.5271,"Vanessa Kirsch\nNew Profit, Inc."
cpb-aacip-507-n29p26qt59.mp4,2140.5271,2145.2771,Peter Karoff\nThe Philanthropic Initiative
cpb-aacip-507-n29p26qt59.mp4,2177.5271,2180.7771,Lawrencia Bannis\nCitizen Schools Graduate
cpb-aacip-507-n29p26qt59.mp4,2190.7771,2195.5271,Christopher Clark\nCitizen Schools Graduate
cpb-aacip-507-n29p26qt59.mp4,2234.0271,2238.2771,Robert Kaplan\nHarvard Business School
cpb-aacip-507-n29p26qt59.mp4,2399.0271,2403.7771,Joshua Muscat\nAmerican Health Foundation
cpb-aacip-507-n29p26qt59.mp4,2488.2771,2492.7771,Joshua Muscat\nAmerican Health Foundation
cpb-aacip-507-n29p26qt59.mp4,2557.7771,2562.5271,Susan Dentzer
cpb-aacip-507-n29p26qt59.mp4,2590.5271,2593.2771,Elizabeth Farnsworth
cpb-aacip-507-n29p26qt59.mp4,2615.7771,2619.7771,Richard Norton Smith\nPresidential Historian
cpb-aacip-507-n29p26qt59.mp4,2669.7771,2674.0271,Haynes Johnson\nJournalist/Author
cpb-aacip-507-n29p26qt59.mp4,2708.2771,2711.5271,Roger Wilkins\nGeorge Mason University
cpb-aacip-507-n29p26qt59.mp4,2784.2771,2788.0271,Michael Beschloss\nPresidential Historian
cpb-aacip-507-n29p26qt59.mp4,2868.0271,2873.5271,Richard Norton Smith\nPresidential Historian
cpb-aacip-507-n29p26qt59.mp4,2941.0271,2945.5271,Haynes Johnson\nJournalist/Author
cpb-aacip-507-n29p26qt59.mp4,2996.5271,2999.7771,Roger Wilkins\nGeorge Mason University
cpb-aacip-507-n29p26qt59.mp4,3077.7771,3080.5271,Richard Norton Smith\nPresidential Historian
cpb-aacip-507-n29p26qt59.mp4,3111.2771,3115.2771,Michael Beschloss\nPresidential Historian
cpb-aacip-507-n29p26qt59.mp4,3166.2771,3170.5271,Haynes Johnson\nJournalist/Author
cpb-aacip-507-n29p26qt59.mp4,3204.7771,3208.5271,Roger Wilkins\nGeorge Mason University
cpb-aacip-507-n29p26qt59.mp4,3231.2771,3236.2771,Richard Norton Smith\nPresidential Historian
cpb-aacip-507-n29p26qt59.mp4,3286.7771,3289.7771,Michael Beschloss\nPresidential Historian
cpb-aacip-507-pc2t43js98.mp4,445.2771,448.7771,Dr. Scott McIvor\nGeneticist
cpb-aacip-507-pc2t43js98.mp4,578.0271,581.2771,Fred De Sam Lazaro\nKTCA
cpb-aacip-507-pc2t43js98.mp4,642.5271,646.2771,Dr. Scott McIvor\nGeneticist
cpb-aacip-507-pc2t43js98.mp4,771.5271,775.7771,Dr. Francis Collins\nHuman Genome Project
cpb-aacip-507-pc2t43js98.mp4,864.2771,868.5271,Steven Holtzman\nMillennium Pharmaceuticals
cpb-aacip-507-pc2t43js98.mp4,942.0271,945.5271,Mary Jo Ellis Kahn\nPatient Advocate
cpb-aacip-507-pc2t43js98.mp4,992.2771,997.0271,Patricia King\nGeorgetown Law School
cpb-aacip-507-pc2t43js98.mp4,1066.5271,1070.5271,Dr. Francis Collins\nHuman Genome Project
cpb-aacip-507-pc2t43js98.mp4,1126.2771,1130.7771,Steven Holtzman\nMillennium Pharmaceuticals
cpb-aacip-507-pc2t43js98.mp4,1193.5271,1198.0271,Mary Jo Ellis Kahn\nPatient Advocate
cpb-aacip-507-pc2t43js98.mp4,1328.5271,1334.5271,Patricia King\nGeorgetown Law School
cpb-aacip-507-pc2t43js98.mp4,1427.0271,1433.0271,Dr. Francis Collins\nHuman Genome Project
cpb-aacip-507-pc2t43js98.mp4,1504.7771,1510.0271,Steven Holtzman\nMillennium Pharmaceuticals
cpb-aacip-507-pc2t43js98.mp4,1590.7771,1596.7771,Patricia King\nGeorgetown Law School
cpb-aacip-507-pc2t43js98.mp4,1715.5271,1721.0271,Mary Jo Ellis Kahn\nPatient Advocate
cpb-aacip-507-pc2t43js98.mp4,1862.7771,1867.5271,Steve Kelley\nSan Diego Union-Tribune
cpb-aacip-507-pc2t43js98.mp4,1908.2771,1912.2771,Doug Marlette\nNewsday
cpb-aacip-507-pc2t43js98.mp4,1951.2771,1956.5271,Ann Telnaes\nNorth America Syndicate
cpb-aacip-507-pc2t43js98.mp4,1979.0271,1983.5271,Michael Ramirez\nMemphis Commercial Appeal
cpb-aacip-507-pc2t43js98.mp4,2090.7771,2095.7771,Ann Telnaes\nNorth America Syndicate
cpb-aacip-507-pc2t43js98.mp4,2121.7771,2125.7771,Doug Marlette\nNewsday
cpb-aacip-507-pc2t43js98.mp4,2284.0271,2288.5271,Steve Kelley\nSan Diego Union-Tribune
cpb-aacip-507-pc2t43js98.mp4,2315.2771,2320.0271,Michael Ramirez\nMemphis Commercial Appeal
cpb-aacip-507-pc2t43js98.mp4,2376.2771,2379.7771,Steve Kelley\nSan Diego Union-Tribune
cpb-aacip-507-pc2t43js98.mp4,2477.2771,2482.7771,Michael Ramirez\nMemphis Commercial Appeal
cpb-aacip-507-pc2t43js98.mp4,2510.5271,2516.0271,Ann Telnaes\nNorth America Syndicate
cpb-aacip-507-pc2t43js98.mp4,2557.7771,2562.5271,Doug Marlette\nNewssday
cpb-aacip-507-pc2t43js98.mp4,2607.2771,2612.5271,Steve Kelley\nSan Diego Union-Tribune
cpb-aacip-507-pc2t43js98.mp4,2724.7771,2729.7771,Ann Telnaes\nNorth America Syndicate
cpb-aacip-507-pc2t43js98.mp4,2765.2771,2769.0271,Steve Kelley\nSan Diego Union-Tribune
cpb-aacip-507-pc2t43js98.mp4,2785.2771,2790.7771,Doug Marlette\nNewsday
cpb-aacip-507-pc2t43js98.mp4,2824.0271,2828.7771,Michael Ramirez\nMemphis Commercial Appeal
cpb-aacip-507-pc2t43js98.mp4,2895.7771,2900.2771,Doug Marlette\nNewsday
cpb-aacip-507-pc2t43js98.mp4,2959.0271,2962.2771,Ann Telnaes\nNorth America Syndicate
cpb-aacip-507-pc2t43js98.mp4,2971.0271,2975.2771,Steve Kelley\nSan Diego Union-Tribune
cpb-aacip-507-pc2t43js98.mp4,3038.5271,3042.7771,Michael Ramirez\nMemphis Commercial Appeal
cpb-aacip-507-pc2t43js98.mp4,3092.7771,3097.2771,Richard Rodriguez\nPacific News Service
cpb-aacip-507-r785h7cp0z.mp4,317.0271,321.5271,Sen. BOB DOLE\n(R) KANSAS
cpb-aacip-507-r785h7cp0z.mp4,395.2771,398.2771,WILLIAM McGOWAN\nMCI
cpb-aacip-507-r785h7cp0z.mp4,485.2771,491.2771,MERRILL BROWN\nWASHINGTON POST
cpb-aacip-507-r785h7cp0z.mp4,591.2771,595.5271,MERRILL BROWN\nWASHINGTON POST
cpb-aacip-507-r785h7cp0z.mp4,687.7771,692.7771,MERRILL BROWN\nWASHINGTON POST
cpb-aacip-507-r785h7cp0z.mp4,947.2771,952.0271,JOHN JACOB\nNATIONAL URBAN LEAGUE
cpb-aacip-507-r785h7cp0z.mp4,1098.5271,1103.2771,JOHN JACOB\nNATIONAL URBAN LEAGUE
cpb-aacip-507-r785h7cp0z.mp4,1256.5271,1262.2771,JOHN JACOB\nNATIONAL URBAN LEAGUE
cpb-aacip-507-r785h7cp0z.mp4,1362.2771,1365.2771,Sen. JOHN DANFORTH\n(R) MISSOURI
cpb-aacip-507-r785h7cp0z.mp4,1829.0271,1832.7771,SISTER THERESE
cpb-aacip-507-r785h7cp0z.mp4,1862.7771,1867.5271,FATHER DAVID
cpb-aacip-507-r785h7cp0z.mp4,2005.2771,2008.5271,SISTER MARIA
cpb-aacip-507-r785h7cp0z.mp4,2582.5271,2588.2771,Dr. HOWARD ORY\nCENTERS FOR DISEASE CONTROL
cpb-aacip-507-r785h7cp0z.mp4,2715.2771,2721.0271,Dr. HOWARD ORY\nCENTERS FOR DISEASE CONTROL
cpb-aacip-507-r785h7cp0z.mp4,2798.7771,2804.2771,Dr. DIANA PETITTI\nUNIVERSITY OF CALIFORNIA
cpb-aacip-507-r785h7cp0z.mp4,2932.2771,2937.0271,Dr. DIANA PETITTI\nUNIVERSITY OF CALIFORNIA
cpb-aacip-507-r785h7cp0z.mp4,3048.2771,3053.5271,Dr. HOWARD ORY\nCENTERS FOR DISEASE CONTROL
cpb-aacip-507-r785h7cp0z.mp4,3098.0271,3103.7771,Dr. DIANA PETITTI\nUNIVERSITY OF CALIFORNIA
cpb-aacip-507-r785h7cp0z.mp4,3185.0271,3189.5271,Dr. DIANA PETITTI\nUNIVERSITY OF CALIFORNIA
cpb-aacip-507-r785h7cp0z.mp4,3249.5271,3254.0271,Dr. HOWARD ORY\nCENTERS FOR DISEASE CONTROL
cpb-aacip-507-r785h7cp0z.mp4,3344.5271,3347.0271,Dr. HOWARD ORY\nCENTERS FOR DISEASE CONTROL
cpb-aacip-507-r785h7cp0z.mp4,3405.2771,3408.2771,Dr. GEORGE SCHALLER\nWORLD WILDLIFE FUND
cpb-aacip-507-v11vd6pz5w.mp4,232.5271,235.7771,Brig. Gen. Mark Kimmitt\nU.S. Army
cpb-aacip-507-v11vd6pz5w.mp4,627.2771,630.2771,"L. Paul Bremer\nAdministrator, Iraq"
cpb-aacip-507-v11vd6pz5w.mp4,676.0271,678.7771,Brig. Gen. Mark Kimmitt\nU.S. Army
cpb-aacip-507-v11vd6pz5w.mp4,729.5271,733.0271,Jeffrey Gettleman\nThe New York Times
cpb-aacip-507-v11vd6pz5w.mp4,845.2771,849.2771,Jeffrey Gettleman\nThe New York Times
cpb-aacip-507-v11vd6pz5w.mp4,1007.7771,1015.2771,Jeffrey Gettleman\nThe New York Times
cpb-aacip-507-v11vd6pz5w.mp4,1170.0271,1174.2771,Gwen Ifill
cpb-aacip-507-v11vd6pz5w.mp4,1215.7771,1222.7771,Samer Shehata\nGeorgetown University
cpb-aacip-507-v11vd6pz5w.mp4,1313.7771,1321.0271,Adeed Dawisha\nMiami University of Ohio
cpb-aacip-507-v11vd6pz5w.mp4,1444.7771,1451.7771,Samer Shehata\nGeorgetown University
cpb-aacip-507-v11vd6pz5w.mp4,1527.2771,1534.7771,Adeed Dawisha\nMiami University of Ohio
cpb-aacip-507-v11vd6pz5w.mp4,1823.0271,1827.2771,"Sen. Richard Lugar\nChairman, Foreign Relations Committee"
cpb-aacip-507-v11vd6pz5w.mp4,1959.0271,1966.7771,Sen. Joseph Biden\n(D) Delaware
cpb-aacip-507-v11vd6pz5w.mp4,2147.2771,2150.5271,"Sen. Richard Lugar\nChairman, Foreign Relations Committee"
cpb-aacip-507-v11vd6pz5w.mp4,2322.2771,2331.0271,Sen. Joseph Biden\n(D) Delaware
cpb-aacip-507-v11vd6pz5w.mp4,2723.7771,2726.7771,Sen. John McCain\n(R) Arizona
cpb-aacip-507-v11vd6pz5w.mp4,2752.5271,2755.0271,"Bud Selig\nCommissioner, Major League Baseball"
cpb-aacip-507-v11vd6pz5w.mp4,2784.2771,2788.0271,Terence Smith
cpb-aacip-507-v11vd6pz5w.mp4,2818.2771,2823.2771,Buster Olney\nESPN The Magazine
cpb-aacip-507-v11vd6pz5w.mp4,2896.7771,2903.7771,Buster Olney\nESPN The Magazine
cpb-aacip-507-v11vd6pz5w.mp4,3046.0271,3054.7771,Buster Olney\nESPN The Magazine
cpb-aacip-507-v11vd6pz5w.mp4,3167.5271,3173.7771,Buster Olney\nESPN The Magazine
cpb-aacip-507-v40js9j432.mp4,333.0271,336.7771,"Sen. PETE DOMENICI\nChairman, Budget Committee"
cpb-aacip-507-v40js9j432.mp4,421.0271,426.5271,Voice Of\nLt. JIM KING\nOklahoma Highway Patrol
cpb-aacip-507-v40js9j432.mp4,895.0271,902.7771,Sen. RICHARD LUGAR\n(R) Indiana
cpb-aacip-507-v40js9j432.mp4,1000.5271,1005.2771,Sen. RICHARD LUGAR\n(R) Indiana
cpb-aacip-507-v40js9j432.mp4,1206.0271,1210.7771,JOSEPH SISCO\nFormer Undersec'y of State
cpb-aacip-507-v40js9j432.mp4,1255.0271,1260.0271,DONALD RUMSFELD\nFormer Sec'y of Defense
cpb-aacip-507-v40js9j432.mp4,1328.5271,1334.5271,Rev. JESSE JACKSON
cpb-aacip-507-v40js9j432.mp4,1469.2771,1474.2771,JOSEPH SISCO\nFormer Undersec'y of State
cpb-aacip-507-v40js9j432.mp4,1523.0271,1528.0271,DONALD RUMSFELD\nFormer Sec'y of Defense
cpb-aacip-507-v40js9j432.mp4,1666.0271,1670.2771,Rev. JESSE JACKSON
cpb-aacip-507-v40js9j432.mp4,1893.2771,1899.7771,Sen. RICHARD LUGAR\n(R) Indiana
cpb-aacip-507-v40js9j432.mp4,2056.0271,2060.0271,Sen. SLADE GORTON\n(R) Washington
cpb-aacip-507-v40js9j432.mp4,2085.7771,2091.7771,Rep. BILL HEFNER\n(D) North Carolina
cpb-aacip-507-v40js9j432.mp4,2113.0271,2118.2771,"Sen. PETE DOMENICI\nChairman, Budget Committee"
cpb-aacip-507-v40js9j432.mp4,2141.0271,2144.2771,Sen. LAWTON CHILES\n(D) Florida
cpb-aacip-507-v40js9j432.mp4,2154.7771,2159.0271,"Rep. WILLIAM GRAY\nChairman, Budget Committee"
cpb-aacip-507-v40js9j432.mp4,2217.7771,2223.5271,"Sen. PETE DOMENICI\nChairman, Budget Committee"
cpb-aacip-507-v40js9j432.mp4,2303.0271,2309.0271,Sen. WILLIAM ARMSTRONG\n(R) Colorado
cpb-aacip-507-v40js9j432.mp4,2401.0271,2405.0271,Rep. WILLIAM GREY\n(D) Pennsylvania
cpb-aacip-507-v40js9j432.mp4,2513.7771,2519.0271,Rep. WILLIAM GRAY\n(D) Pennsylvania
cpb-aacip-507-v40js9j432.mp4,2650.5271,2656.7771,Sen. WILLIAM ARMSTRONG\n(R) Colorado
cpb-aacip-507-v40js9j432.mp4,2960.7771,2967.7771,Sen. ROBERT PACKWOOD\n(R) OREGON
cpb-aacip-507-v40js9j432.mp4,3199.5271,3207.0271,Sen. ROBERT PACKWOOD\n(R) OREGON
cpb-aacip-507-vm42r3pt6h.mp4,226.2771,228.7771,"ROBERT GATES\nDirector, CIA"
cpb-aacip-507-vm42r3pt6h.mp4,325.2771,327.7771,Georgy Shakhnazarov\nSenior Gorbachev Aide
cpb-aacip-507-vm42r3pt6h.mp4,360.2771,363.0271,Andrei Grachev\nChief Presidential Spokesman
cpb-aacip-507-vm42r3pt6h.mp4,389.0271,391.2771,Eduard Shevardnadze\nSoviet Foreign Minister
cpb-aacip-507-vm42r3pt6h.mp4,1174.5271,1179.7771,"STEVEN BRILL\nPresident, Court TV"
cpb-aacip-507-vm42r3pt6h.mp4,1306.7771,1312.2771,"ELLEN HUME\nPress, Politics & Public Policy Center\nHarvard University"
cpb-aacip-507-vm42r3pt6h.mp4,1336.7771,1340.7771,"STEVEN BRILL\nPresident, Court TV"
cpb-aacip-507-vm42r3pt6h.mp4,1445.2771,1450.5271,ANN LEWIS\nPolitical Analyst
cpb-aacip-507-vm42r3pt6h.mp4,1534.5271,1540.7771,"ELLEN HUME\nPress, Politics & Public Policy Center\nHarvard University"
cpb-aacip-507-vm42r3pt6h.mp4,1632.5271,1637.2771,ANN LEWIS\nPolitical Analyst
cpb-aacip-507-vm42r3pt6h.mp4,1692.5271,1698.0271,"STEVEN BRILL\nPresident, Court TV"
cpb-aacip-507-vm42r3pt6h.mp4,1795.0271,1801.5271,SUSAN XENARIOS\nRape Counselor
cpb-aacip-507-vm42r3pt6h.mp4,1951.2771,1956.5271,SUSAN XENARIOS\nRape Counselor
cpb-aacip-507-vm42r3pt6h.mp4,2002.2771,2006.7771,ANN LEWIS\nPolitical Analyst
cpb-aacip-507-vm42r3pt6h.mp4,2104.7771,2109.0271,"ELLEN HUME\nPress, Politics & Public Policy Center\nHarvard University"
cpb-aacip-507-vm42r3pt6h.mp4,2141.0271,2144.2771,"STEVEN BRILL\nPresident, Court TV"
cpb-aacip-507-vm42r3pt6h.mp4,2179.5271,2184.0271,SUSAN XENARIOS\nRape Counselor
cpb-aacip-507-vm42r3pt6h.mp4,2320.5271,2324.0271,"ROBERT GATES\nDirector, CIA"
cpb-aacip-507-vm42r3pt6h.mp4,2481.7771,2486.2771,"ROBERT GATES\nDirector, CIA"
cpb-aacip-507-vm42r3pt6h.mp4,2688.0271,2692.0271,ED MIERZWINSKI\nPublic Interest Research Group
cpb-aacip-507-vm42r3pt6h.mp4,2767.5271,2771.7771,BARRY CONNELLY\nAssociated Credit Bureaus
cpb-aacip-507-vm42r3pt6h.mp4,2826.2771,2830.5271,URSULA DANIELS
cpb-aacip-507-vm42r3pt6h.mp4,2968.0271,2969.7771,SEYMOUR SHOR
cpb-aacip-507-vm42r3pt6h.mp4,3127.7771,3131.7771,JOHN BAKER\nEquifax
cpb-aacip-507-zk55d8pd1h.mp4,267.7771,272.2771,"DANIEL ORTEGA\nPresident, Nicaragua"
cpb-aacip-507-zk55d8pd1h.mp4,331.5271,335.0271,JAMES BAKER\nSecretary of State
cpb-aacip-507-zk55d8pd1h.mp4,654.2771,658.5271,"DANIEL ORTEGA\nPresident, Nicaragua"
cpb-aacip-507-zk55d8pd1h.mp4,819.0271,823.0271,"DANIEL ORTEGA\nPresident, Nicaragua"
cpb-aacip-507-zk55d8pd1h.mp4,1486.0271,1489.0271,"ALEJANDRO BENDANA\nForeign Ministry, Nicaragua"
cpb-aacip-507-zk55d8pd1h.mp4,1729.2771,1733.2771,"DANIEL ORTEGA\nPresident, Nicaragua"
cpb-aacip-507-zk55d8pd1h.mp4,1946.7771,1951.0271,ROBERT ADLER\nEnvironmental Lawyer
cpb-aacip-507-zk55d8pd1h.mp4,2005.2771,2008.5271,RICHARD SAMP\nWashington Legal Foundation
cpb-aacip-507-zk55d8pd1h.mp4,2196.7771,2201.5271,ROBERT ADLER\nEnvironmental Lawyer
cpb-aacip-507-zk55d8pd1h.mp4,2377.0271,2382.5271,RICHARD SAMP\nWashington Legal Foundation
cpb-aacip-507-zk55d8pd1h.mp4,2742.5271,2747.5271,Dr. DAVID AXELROD\nNew York Health Commissioner
cpb-aacip-507-zk55d8pd1h.mp4,2939.2771,2944.2771,Dr. HARVEY WACHSMAN\nMalpractice Lawyer
cpb-aacip-507-zk55d8pd1h.mp4,3183.7771,3187.5271,Dr. DAVID AXELROD\nNew York Health Commissioner
cpb-aacip-507-zk55d8pd1h.mp4,3307.2771,3311.7771,Dr. HARVEY WACHSMAN\nMalpractice Lawyer
cpb-aacip-507-zk55d8pd1h.mp4,3389.0271,3394.2771,Dr. DAVID AXELROD\nNew York Health Commissioner
cpb-aacip-507-zw18k75z4h.mp4,82.7771,85.7771,ROBERT MacNEIL\nNEW YORK
cpb-aacip-507-zw18k75z4h.mp4,136.5271,139.7771,JIM LEHRER\nWASHINGTON
cpb-aacip-507-zw18k75z4h.mp4,267.7771,272.2771,MARSHALL LOEB\nMONEY MAGAZINE
cpb-aacip-507-zw18k75z4h.mp4,393.0271,397.2771,MARSHALL LOEB\nMONEY MAGAZINE
cpb-aacip-507-zw18k75z4h.mp4,511.7771,516.0271,JOHN HARDIN\nSAVINGS BANKER
cpb-aacip-507-zw18k75z4h.mp4,742.7771,755.7771,JOHN HARDIN\nSAVINGS BANKER
cpb-aacip-507-zw18k75z4h.mp4,799.2771,804.2771,SANDRA McLAUGHLIN\nCOMMERCIAL BANKER
cpb-aacip-507-zw18k75z4h.mp4,979.5271,983.7771,SANDRA McLAUGHLIN\nCOMMERCIAL BANKER
cpb-aacip-507-zw18k75z4h.mp4,1200.5271,1205.2771,Sen. JAKE GARN\n(R) UTAH
cpb-aacip-507-zw18k75z4h.mp4,1366.0271,1368.2771,Sen. JAKE GARN\n(R) UTAH
cpb-aacip-507-zw18k75z4h.mp4,1458.0271,1462.0271,MARSHALL LOEB\nMONEY MAGAZINE
cpb-aacip-525-9g5gb1zh9b.mp4,211.0271,215.5271,NOVEMBER 2010\nRep. John Boehner\nREPUBLICAN LEADER
cpb-aacip-525-9g5gb1zh9b.mp4,256.7771,261.5271,SEPTEMBER 2010\nRep. Jeb Hensarling\n(R) TEXAS
cpb-aacip-525-9g5gb1zh9b.mp4,317.5271,320.0271,NOVEMBER 2010\nSen.-Elect Mike Lee\n(R) UTAH
cpb-aacip-525-9g5gb1zh9b.mp4,345.2771,349.5271,Rep. Rosa DeLauro\n(D) CONNECTICUT
cpb-aacip-525-9g5gb1zh9b.mp4,382.7771,388.0271,Rep. Nancy Pelosi\nSPEAKER OF THE HOUSE
cpb-aacip-525-9g5gb1zh9b.mp4,443.2771,450.7771,Diane Lim Rogers\nTHE CONCORD COALITION
cpb-aacip-525-9g5gb1zh9b.mp4,502.0271,507.7771,James Horney\nCENTER ON BUDGET & POLICY PRIORITIES
cpb-aacip-525-9g5gb1zh9b.mp4,559.7771,566.0271,Diane Lim Rogers\nTHE CONCORD COALITION
cpb-aacip-525-9g5gb1zh9b.mp4,632.2771,637.0271,James Horney\nCENTER ON BUDGET & POLICY PRIORITIES
cpb-aacip-525-9g5gb1zh9b.mp4,749.5271,754.0271,Diane Lim Rogers\nTHE CONCORD COALITION
cpb-aacip-525-9g5gb1zh9b.mp4,795.0271,799.7771,James Horney\nCENTER ON BUDGET & POLICY PRIORITIES
cpb-aacip-525-9g5gb1zh9b.mp4,943.5271,946.2771,Kwame Holman
cpb-aacip-525-9g5gb1zh9b.mp4,967.5271,972.2771,"Adm. John C. Harvey, Jr.\nCOMMANDER, U.S. FLEET FORCES"
cpb-aacip-525-9g5gb1zh9b.mp4,1085.7771,1090.2771,"Mayor Brad Carter\nROCKHAMPTON, QUEENSLAND"
cpb-aacip-525-9g5gb1zh9b.mp4,1127.5271,1132.5271,Steve Scott\nITN
cpb-aacip-525-9g5gb1zh9b.mp4,1252.7771,1258.5271,Sen. Tom Udall\n(D) NEW MEXICO
cpb-aacip-525-9g5gb1zh9b.mp4,1289.5271,1294.0271,Sen. Lamar Alexander\n(R) TENNESSEE
cpb-aacip-525-9g5gb1zh9b.mp4,1431.7771,1439.0271,Sen. Tom Udall\n(D) NEW MEXICO
cpb-aacip-525-9g5gb1zh9b.mp4,1468.5271,1475.0271,Sen. Lamar Alexander\n(R) TENNESSEE
cpb-aacip-525-9g5gb1zh9b.mp4,1744.5271,1751.0271,Sen. Tom Udall\n(D) NEW MEXICO
cpb-aacip-525-9g5gb1zh9b.mp4,1851.2771,1855.0271,Sen. Lamar Alexander\n(R) TENNESSEE
cpb-aacip-525-9g5gb1zh9b.mp4,2010.7771,2013.2771,James Victor Gbeho\nPresident of the ECOWAS Commission
cpb-aacip-525-9g5gb1zh9b.mp4,2045.2771,2051.2771,PRESIDENT GOODLUCK JONATHAN\nNIGERIA
cpb-aacip-525-9g5gb1zh9b.mp4,2147.2771,2150.5271,Cornelius Dupree
cpb-aacip-525-9g5gb1zh9b.mp4,2188.2771,2197.2771,"Craig Watkins\nDISTRICT ATTORNEY, DALLAS COUNTY"
cpb-aacip-525-9g5gb1zh9b.mp4,2262.2771,2273.2771,"Craig Watkins\nDISTRICT ATTORNEY, DALLAS COUNTY"
cpb-aacip-525-9g5gb1zh9b.mp4,2378.0271,2386.7771,"Craig Watkins\nDISTRICT ATTORNEY, DALLAS COUNTY"
cpb-aacip-525-9g5gb1zh9b.mp4,2513.7771,2519.0271,"Craig Watkins\nDISTRICT ATTORNEY, DALLAS COUNTY"
cpb-aacip-525-9g5gb1zh9b.mp4,2658.7771,2663.5271,Kwame Dawes\nPOET
cpb-aacip-525-9g5gb1zh9b.mp4,2857.5271,2862.5271,Kwame Dawes\nPOET
cpb-aacip-525-3b5w66b279.mp4,291.7771,296.5271,Brig. Gen. Daniel Menard\nCOMMANDER OF COALITION FORCES IN KANDAHAR
cpb-aacip-525-3b5w66b279.mp4,339.5271,343.7771,Joby Warrick\nTHE WASHINGTON POST
cpb-aacip-525-3b5w66b279.mp4,409.7771,418.5271,Joby Warrick\nTHE WASHINGTON POST
cpb-aacip-525-3b5w66b279.mp4,523.5271,533.7771,Joby Warrick\nTHE WASHINGTON POST
cpb-aacip-525-3b5w66b279.mp4,579.2771,587.0271,Matt Apuzzo\nTHE ASSOCIATED PRESS
cpb-aacip-525-3b5w66b279.mp4,679.5271,685.7771,Matt Apuzzo\nTHE ASSOCIATED PRESS
cpb-aacip-525-3b5w66b279.mp4,742.7771,755.7771,Matt Apuzzo\nTHE ASSOCIATED PRESS
cpb-aacip-525-3b5w66b279.mp4,834.0271,837.2771,Hari Sreenivasan
cpb-aacip-525-3b5w66b279.mp4,861.5271,865.7771,DECEMBER 10\nUsman Anwar\nSARGODHA DISTRICT POLICE CHIEF
cpb-aacip-525-3b5w66b279.mp4,895.0271,902.7771,DECEMBER 11\nMustafa Abu Maryam\nISLAMIC CIRCLE OF NORTH AMERICA
cpb-aacip-525-3b5w66b279.mp4,1117.2771,1121.7771,Charles Allen\nFORMER INTELLIGENCE OFFICIAL
cpb-aacip-525-3b5w66b279.mp4,1194.2771,1202.2771,Tyler Drumheller\nFORMER CIA OFFICIAL
cpb-aacip-525-3b5w66b279.mp4,1257.7771,1267.5271,Paul Pillar\nFORMER CIA OFFICIAL
cpb-aacip-525-3b5w66b279.mp4,1301.2771,1307.0271,Charles Allen\nFORMER INTELLIGENCE OFFICIAL
cpb-aacip-525-3b5w66b279.mp4,1366.0271,1368.2771,Tyler Drumheller\nFORMER CIA OFFICIAL
cpb-aacip-525-3b5w66b279.mp4,1434.5271,1440.0271,Paul Pillar\nFORMER CIA OFFICIAL
cpb-aacip-525-3b5w66b279.mp4,1486.0271,1489.0271,Charles Allen\nFORMER INTELLIGENCE OFFICIAL
cpb-aacip-525-3b5w66b279.mp4,1536.0271,1542.0271,Tyler Drumheller\nFORMER CIA OFFICIAL
cpb-aacip-525-3b5w66b279.mp4,1577.0271,1581.7771,Paul Pillar\nFORMER CIA OFFICIAL
cpb-aacip-525-3b5w66b279.mp4,1612.0271,1617.5271,Charles Allen\nFORMER INTELLIGENCE OFFICIAL
cpb-aacip-525-3b5w66b279.mp4,1702.0271,1705.7771,ROBERT SHILLER\nYALE UNIVERSITY
cpb-aacip-525-3b5w66b279.mp4,1782.0271,1787.0271,ALAN BLINDER\nPRINCETON UNIVERSITY
cpb-aacip-525-3b5w66b279.mp4,1798.2771,1802.7771,CAROLINE HOXBY\nSTANFORD UNIVERSITY
cpb-aacip-525-3b5w66b279.mp4,1823.0271,1827.2771,ZVI BODIE\nBOSTON UNIVERSITY
cpb-aacip-525-3b5w66b279.mp4,1858.5271,1862.5271,FRANK LEVY\nMASSACHUSETTS INSTITUTE OF TECHNOLOGY
cpb-aacip-525-3b5w66b279.mp4,1902.7771,1907.0271,JOSEPH STIGLITZ\nCOLUMBIA UNIVERSITY
cpb-aacip-525-3b5w66b279.mp4,1939.0271,1943.5271,WILLIAM DARITY\nDUKE UNIVERSITY
cpb-aacip-525-3b5w66b279.mp4,1971.7771,1976.0271,KEN ARROW\nSTANFORD UNIVERSITY
cpb-aacip-525-3b5w66b279.mp4,2033.2771,2037.2771,ROBERT SHILLER\nYALE UNIVERSITY
cpb-aacip-525-3b5w66b279.mp4,2047.7771,2052.0271,"GEORGE AKERLOF\nUNIVERSITY OF CALIFORNIA, BERKELEY"
cpb-aacip-525-3b5w66b279.mp4,2073.0271,2077.5271,ANDREW LO\nMASSACHUSETTS INSTITUTE OF TECHNOLOGY
cpb-aacip-525-3b5w66b279.mp4,2128.0271,2129.5271,MARTIN FELDSTEIN\nHARVARD UNIVERSITY
cpb-aacip-525-3b5w66b279.mp4,2141.0271,2144.2771,"LAURA TYSON\nUNIVERSITY OF CALIFORNIA, BERKELEY"
cpb-aacip-525-3b5w66b279.mp4,2291.2771,2298.5271,Michael Beschloss\nPRESIDENTIAL HISTORIAN
cpb-aacip-525-3b5w66b279.mp4,2343.5271,2351.0271,Andrew Kohut\nPEW RESEARCH CENTER
cpb-aacip-525-3b5w66b279.mp4,2406.7771,2412.5271,Amy Walter\nTHE HOTLINE
cpb-aacip-525-3b5w66b279.mp4,2683.7771,2687.2771,Andrew Kohut\nPEW RESEARCH CENTER
cpb-aacip-525-3b5w66b279.mp4,2716.7771,2723.7771,Michael Beschloss\nPRESIDENTIAL HISTORIAN
cpb-aacip-525-3b5w66b279.mp4,2754.0271,2761.2771,Amy Walter\nTHE HOTLINE
cpb-aacip-525-3b5w66b279.mp4,2987.0271,2990.7771,Vera Pavlova
cpb-aacip-525-3b5w66b279.mp4,2998.5271,3006.5271,Steven Seymour
cpb-aacip-507-v40js9j432.mp4,2803.756,2808.5271,REP. WLLIAM\nGRAY
cpb-aacip-507-v40js9j432.mp4,2803.756,2808.5271,SEN. WILLIAM\nARMSTRONG
cpb-aacip-507-154dn40c26.mp4,1162.43976,1168.06476,"MATHILDE KRIM, PhD.\nAIDS Medical Foundation"
cpb-aacip-507-154dn40c26.mp4,275.7771,279.7771,JOHN BLOCK\nSecretary of Agriculture
cpb-aacip-507-154dn40c26.mp4,356.7771,359.5271,REP. THOMAS P. O'NEILL\nSpeaker of the House
cpb-aacip-507-154dn40c26.mp4,516.5271,520.5271,RITA LAVELLE\nFormer E.P.A. Official
cpb-aacip-507-154dn40c26.mp4,755.5271,760.0271,WALTER WARD\nN.Y.C. Councilman
cpb-aacip-507-154dn40c26.mp4,785.7771,791.0271,MAYOR ED KOCH
cpb-aacip-507-154dn40c26.mp4,852.0271,855.0271,GAR TRAYNOR\nFormer United Steward
cpb-aacip-507-154dn40c26.mp4,923.5271,927.5271,"""ROBERT"""
cpb-aacip-507-154dn40c26.mp4,957.7771,962.2771,DR. MATT NEWMAN\nAnti-AIDS Citizens Group
cpb-aacip-507-154dn40c26.mp4,986.7771,991.0271,ELLEN FLEMING\nAnti-AIDS Citizens Group
cpb-aacip-507-154dn40c26.mp4,1020.5271,1025.5271,CLAUDE LINDSEY\nAnti-AIDS Citizens Group
cpb-aacip-507-154dn40c26.mp4,1099.5271,1105.0271,"MATHILDE KRIM, PHD.\nAIDS Medical Foundation"
cpb-aacip-507-154dn40c26.mp4,1262.7771,1266.0271,"MATHILDE KRIM, PHD.\nAIDS Medical Foundation"
cpb-aacip-507-154dn40c26.mp4,1449.7771,1456.2771,DR. HELEN SINGER KAPLAN\nNew York Hospital
cpb-aacip-507-154dn40c26.mp4,1525.2771,1534.2771,JOE TOM EASLEY\nCivil Rights Lawyer
cpb-aacip-507-154dn40c26.mp4,1696.7771,1702.5271,JOE TOM EASLEY\nCivil Rights Lawyer
cpb-aacip-507-154dn40c26.mp4,1811.0271,1816.5271,"MATHILDE KRIM, PHD.\nAIDS Medical Foundation"
cpb-aacip-507-154dn40c26.mp4,1968.7771,1972.7771,WILLIAM MAYER\nDefense Department
cpb-aacip-507-154dn40c26.mp4,2025.2771,2029.5271,DR. HERBERT PERKIN\nIrwin Memorial Blood Bank\nSan Francisco
cpb-aacip-507-154dn40c26.mp4,2054.0271,2059.2771,BOBBY REYNOLDS
cpb-aacip-507-154dn40c26.mp4,2079.5271,2083.0271,PAUL CASTRO
cpb-aacip-507-154dn40c26.mp4,2143.2771,2150.0271,DR. THOMAS VERNON\nColorado Health Dept.
cpb-aacip-507-154dn40c26.mp4,2300.7771,2307.0271,DR. THOMAS VERNON\nColorado Health Dept.
cpb-aacip-507-154dn40c26.mp4,2445.5271,2451.7771,JOE TOM EASLEY\nCivil Rights Lawyer
cpb-aacip-507-154dn40c26.mp4,2603.7771,2609.5271,"MATHILDE KRIM, PHD.\nAIDS Medical Foundation"
cpb-aacip-507-154dn40c26.mp4,2644.0271,2648.0271,DR. HELEN SINGER KAPLAN\nNew York Hospital
cpb-aacip-507-154dn40c26.mp4,2740.5271,2746.2771,DR. THOMAS VERNON\nColorado Health Dept.
cpb-aacip-507-154dn40c26.mp4,2781.2771,2785.0271,JOE TOM EASLEY\nCivil Rights Lawyer
cpb-aacip-507-154dn40c26.mp4,2988.7771,2993.2771,"NEIL HARL\nEconomist, Iowa State University"
cpb-aacip-507-154dn40c26.mp4,3016.2771,3021.0271,REP. JIM LEACH\n(R) Iowa
cpb-aacip-507-154dn40c26.mp4,3040.5271,3042.7771,RAY POWELL\nFormer Loan Officer
cpb-aacip-507-154dn40c26.mp4,3081.2771,3086.2771,TOM LANGEMEIER\nFormer Loan Officer
cpb-aacip-507-154dn40c26.mp4,3099.5271,3104.0271,"DON WILKINSON\nGovernor, Farm Credit Administration"
cpb-aacip-507-154dn40c26.mp4,3144.2771,3148.7771,KWAME HOLMAN
cpb-aacip-507-154dn40c26.mp4,3207.2771,3211.5271,LEO TUCKER\nFarmer
cpb-aacip-507-154dn40c26.mp4,3217.5271,3221.2771,DEBBIE HALL\nFarmer
cpb-aacip-507-154dn40c26.mp4,3257.5271,3260.7771,REP. JIM LEACH\n(R) Iowa
cpb-aacip-507-154dn40c26.mp4,3311.7771,3316.2771,"NEIL HARL\nEconomist, Iowa State University"
cpb-aacip-507-6w96689725.mp4,166.7771,172.5271,ROBERT MacNEIL
cpb-aacip-507-6w96689725.mp4,410.7771,417.5271,JIM LEHRER\nWASHINGTON
cpb-aacip-507-6w96689725.mp4,451.5271,460.2771,The Rev. JAMES RATIGAN\nNAT. FED. OF PRIESTS' COUNCILS
cpb-aacip-507-6w96689725.mp4,564.5271,568.7771,The Rev. JAMES RATIGAN\nNAT. FED. OF PRIESTS' COUNCILS
cpb-aacip-507-6w96689725.mp4,634.0271,636.5271,Msr. JAMES McHUGH\nU.S. CONF. OF BISHOPS
cpb-aacip-507-6w96689725.mp4,732.7771,735.2771,Msr. JAMES McHUGH\nU.S. CONF. OF BISHOPS
cpb-aacip-507-6w96689725.mp4,870.5271,878.2771,BETSY STENGEL\nRELIGIOUS COALITION\nFOR ABORTION RIGHTS
cpb-aacip-507-6w96689725.mp4,976.7771,982.0271,BETSY STENGEL\nRELIGIOUS COALITION\nFOR ABORTION RIGHTS
cpb-aacip-507-6w96689725.mp4,1113.7771,1119.5271,JEFFREY PRESSMAN\nM.I.T.
cpb-aacip-507-6w96689725.mp4,1277.2771,1282.2771,The Rev. JAMES RATIGAN\nNAT. FED. OF PRIESTS' COUNCILS
cpb-aacip-507-6w96689725.mp4,1344.2771,1348.5271,Msr. JAMES McHUGH\nU.S. CONF OF BISHOPS
cpb-aacip-507-6w96689725.mp4,1509.2771,1512.2771,JIM LEHRER\nWASHINGTON
cpb-aacip-507-6w96689725.mp4,1517.2771,1522.5271,BETSY STENGEL\nRELIGIOUS COALITION\nFOR ABORTION RIGHTS
cpb-aacip-507-6w96689725.mp4,1585.0271,1589.5271,JEFFREY PRESSMAN\nM.I.T.
cpb-aacip-507-9882j68s35.mp4,262.5271,266.2771,JIM LEHRER\nWASHINGTON
cpb-aacip-507-9882j68s35.mp4,405.7771,409.7771,JAMES SCANLON\nUNIVERSITY OF ILLINOIS
cpb-aacip-507-9882j68s35.mp4,705.0271,710.0271,JASPER NEEL\nMODERN LANGUAGE ASSOCIATION
cpb-aacip-507-9882j68s35.mp4,906.0271,908.7771,JASPER NEEL\nMODERN LANGUAGE ASSOCIATION
cpb-aacip-507-9882j68s35.mp4,970.0271,977.0271,JAMES GRAY\nBAY AREA WRITING PROJECT
cpb-aacip-507-9882j68s35.mp4,1433.5271,1441.5271,JASPER NEEL\nMODERN LANGUAGE ASSOCIATION
cpb-aacip-507-9882j68s35.mp4,1592.2771,1597.5271,JAMES GRAY\nBAY AREA WRITING PROJECT
cpb-aacip-507-bz6154fc44.mp4,324.5271,328.2771,"JOHN BRUTON\nPrime Minister, Ireland"
cpb-aacip-507-bz6154fc44.mp4,592.2771,597.5271,JOHN KORNBLUM\nActing Asst. Secretary of State
cpb-aacip-507-bz6154fc44.mp4,848.2771,853.0271,JOHN KORNBLUM\nActing Asst. Secretary of State
cpb-aacip-507-bz6154fc44.mp4,1034.5271,1038.7771,JOHN KORNBLUM\nActing Asst. Secretary of State
cpb-aacip-507-bz6154fc44.mp4,1298.2771,1300.5271,TONY BLAIR\nOpposition Party Leader
cpb-aacip-507-bz6154fc44.mp4,1320.0271,1323.2771,BRENDA FLEMING\nAccident and Emergency Consultant
cpb-aacip-507-bz6154fc44.mp4,1344.2771,1348.5271,ALEX THOMPSON\nITN
cpb-aacip-507-bz6154fc44.mp4,1362.2771,1366.0271,"JOHN MAJOR\nPrime Minister, Britain"
cpb-aacip-507-bz6154fc44.mp4,1407.5271,1411.7771,TONY BLAIR\nOpposition Party Leader
cpb-aacip-507-bz6154fc44.mp4,1506.0271,1509.2771,Rev. MOIRA HERKES\nDunblane Cathedral
cpb-aacip-507-bz6154fc44.mp4,1616.5271,1620.2771,Sen. ROBERT DOLE\nMajority Leader
cpb-aacip-507-bz6154fc44.mp4,1723.5271,1727.0271,Sen. KIT BOND\n(R) Missouri
cpb-aacip-507-bz6154fc44.mp4,1810.2771,1813.5271,Sen. TRENT LOTT\nMajority Whip
cpb-aacip-507-bz6154fc44.mp4,1825.0271,1828.7771,KWAME HOLMAN
cpb-aacip-507-bz6154fc44.mp4,1873.2771,1877.0271,Sen. PAUL WELLSTONE\n(D) Minnesota
cpb-aacip-507-bz6154fc44.mp4,1899.0271,1902.2771,"Rep. BOB LIVINGSTON\nChairman, Appropriations Committee"
cpb-aacip-507-bz6154fc44.mp4,1913.7771,1917.7771,Sen. TRENT LOTT\nMajority Whip
cpb-aacip-507-bz6154fc44.mp4,1971.7771,1977.0271,PAUL GIGOT\nWall Street Journal
cpb-aacip-507-bz6154fc44.mp4,2040.0271,2043.5271,MARK SHIELDS\nSyndicated Columnist
cpb-aacip-507-bz6154fc44.mp4,2242.2771,2246.7771,PAUL GIGOT\nWall Street Journal
cpb-aacip-507-bz6154fc44.mp4,2327.2771,2332.7771,MARK SHIELDS\nSyndicated Columnist
cpb-aacip-507-bz6154fc44.mp4,2601.0271,2604.7771,TERRY TEMPEST WILLIAMS\nEnvironmentalist
cpb-aacip-507-bz6154fc44.mp4,2643.0271,2646.7771,"Mayor PHILIP BIMSTEIN\nSpringdale, Utah"
cpb-aacip-507-bz6154fc44.mp4,2688.5271,2692.0271,LOUISE LISTON\nGarfield County Commissioner
cpb-aacip-507-bz6154fc44.mp4,2759.2771,2760.5271,ROGER HOLLAND\nCity Councilman
cpb-aacip-507-bz6154fc44.mp4,2811.2771,2814.2771,HARDY REDD
cpb-aacip-507-bz6154fc44.mp4,2839.2771,2842.7771,KEN SLEIGHT
cpb-aacip-507-bz6154fc44.mp4,2938.2771,2941.7771,LOUISE LISTON\nGarfield County Commissioner
cpb-aacip-507-bz6154fc44.mp4,2968.0271,2970.2771,Rep. JAMES HANSEN\n(R) Utah
cpb-aacip-507-bz6154fc44.mp4,2995.2771,2998.7771,JIM BACA
cpb-aacip-507-bz6154fc44.mp4,3058.2771,3061.5271,TERRY TEMPEST WILLIAMS\nEnvironmentalist
cpb-aacip-507-bz6154fc44.mp4,3092.0271,3094.2771,HARDY REDD
cpb-aacip-507-cf9j38m509.mp4,205.2771,209.0271,"Raanan Gissin\nAdviser, Israeli Prime Minister"
cpb-aacip-507-cf9j38m509.mp4,243.0271,247.7771,Condoleezza Rice\nSecretary of State
cpb-aacip-507-bz6154fc44.mp4,189.0271,192.5271,MIKE McCURRY\nWhite House Spokesman
cpb-aacip-507-cf9j38m509.mp4,514.2771,518.0271,"Josh Bolten\nDirector, Office of Management and Budget"
cpb-aacip-507-cf9j38m509.mp4,537.0271,540.2771,Kwame Holman
cpb-aacip-507-cf9j38m509.mp4,638.7771,642.2771,Rep. John Spratt\n(D) South Carolina
cpb-aacip-507-cf9j38m509.mp4,677.5271,682.7771,"Josh Bolten\nDirector, Office of Management and Budget"
cpb-aacip-507-cf9j38m509.mp4,722.2771,725.7771,Sen. Kent Conrad\n(D) North Dakota
cpb-aacip-507-cf9j38m509.mp4,755.5271,760.0271,Margaret Warner
cpb-aacip-507-cf9j38m509.mp4,789.7771,801.0271,Sen. Judd Gregg\n(R) New Hampshire
cpb-aacip-507-cf9j38m509.mp4,824.2771,838.0271,Sen. Kent Conrad\n(D) North Dakota
cpb-aacip-507-cf9j38m509.mp4,1006.2771,1021.5271,Sen. Kent Conrad\n(D) North Dakota
cpb-aacip-507-cf9j38m509.mp4,1089.7771,1104.7771,Sen. Judd Gregg\n(R) New Hampshire
cpb-aacip-507-cf9j38m509.mp4,1375.5271,1387.7771,Sen. Kent Conrad\n(D) North Dakota
cpb-aacip-507-cf9j38m509.mp4,1406.7771,1421.7771,Sen. Judd Gregg\n(R) New Hampshire
cpb-aacip-507-cf9j38m509.mp4,1559.7771,1577.0271,Sen. Kent Conrad\n(D) North Dakota
cpb-aacip-507-cf9j38m509.mp4,1629.7771,1635.7771,Ray Suarez
cpb-aacip-507-cf9j38m509.mp4,1791.2771,1802.2771,Dan Ephron\nNewsweek
cpb-aacip-507-cf9j38m509.mp4,1928.2771,1941.5271,Dan Ephron\nNewsweek
cpb-aacip-507-cf9j38m509.mp4,2120.7771,2124.7771,Dr. Ross Fletcher\nChief of Medical Staff\nWashington VA Medical Center
cpb-aacip-507-cf9j38m509.mp4,2161.0271,2164.7771,Susan Dentzer
cpb-aacip-507-cf9j38m509.mp4,2204.0271,2208.2771,Dr. Lucian Leape\nHarvard School of Public Health
cpb-aacip-507-cf9j38m509.mp4,2232.2771,2236.0271,Dr. Robert Wachter\nUCSF School of Medicine
cpb-aacip-507-cf9j38m509.mp4,2264.5271,2267.0271,"Dr. Jonathan Perlin\nActing Under Sec. for Health, VA"
cpb-aacip-507-cf9j38m509.mp4,2295.0271,2299.5271,"James Bagian\nDir, VA National Center for Patient Safety"
cpb-aacip-507-cf9j38m509.mp4,2546.5271,2550.5271,"Dr. Jonathan Perlin\nActing Under Sec. for Health, VA"
cpb-aacip-507-cf9j38m509.mp4,2807.5271,2811.0271,Terence Smith
cpb-aacip-507-cf9j38m509.mp4,2826.7771,2830.0271,John Feinstein\nSportswriter
cpb-aacip-507-cf9j38m509.mp4,3018.7771,3030.7771,John Feinstein\nSportswriter
cpb-aacip-507-cf9j38m509.mp4,3198.2771,3207.7771,John Feinstein\nSportswriter
cpb-aacip-507-nk3610wp6s.mp4,181.0271,184.5271,Sen. ROBERT DOLE\nMajority Leader
cpb-aacip-507-nk3610wp6s.mp4,269.0271,271.5271,Rep. NEWT GINGRINCH\nSpeaker of the House
cpb-aacip-507-nk3610wp6s.mp4,297.2771,300.7771,"Sen. PETE DOMENICI\nChairman, Budget Committee"
cpb-aacip-507-nk3610wp6s.mp4,313.5271,316.7771,LEON PANETTA\nWhite House Chief of Staff
cpb-aacip-507-nk3610wp6s.mp4,368.0271,372.2771,"Sen. ALFONSE D'AMATO\nChairman, Whitewater Committee"
cpb-aacip-507-nk3610wp6s.mp4,407.7771,411.0271,Sen. PAUL SARBANES\n(D) Maryland
cpb-aacip-507-nk3610wp6s.mp4,466.5271,468.7771,Rep. NEWT GINGRINCH\nSpeaker of the House
cpb-aacip-507-nk3610wp6s.mp4,726.0271,730.2771,Sen. JOHN McCAIN\n(R) Arizona
cpb-aacip-507-nk3610wp6s.mp4,872.5271,876.0271,Sen. JOHN McCAIN\n(R) Arizona
cpb-aacip-507-nk3610wp6s.mp4,950.7771,955.2771,Sen. JOHN McCAIN\n(R) Arizona
cpb-aacip-507-nk3610wp6s.mp4,1100.5271,1104.0271,Sen. JOHN McCAIN\n(R) Arizona
cpb-aacip-507-nk3610wp6s.mp4,1189.2771,1193.2771,WARREN CHRISTOPHER\nSecretary of State
cpb-aacip-507-nk3610wp6s.mp4,1243.7771,1247.0271,WILLIAM PERRY\nSecretary of Defense
cpb-aacip-507-nk3610wp6s.mp4,1304.5271,1308.0271,Rep. ELTON GALLEGLY\n(R) California
cpb-aacip-507-nk3610wp6s.mp4,1338.2771,1342.5271,Rep. TOBY ROTH\n(R) Wisconsin
cpb-aacip-507-nk3610wp6s.mp4,1420.7771,1426.5271,Rep. DUNCAN HUNTER\n(R) California
cpb-aacip-507-nk3610wp6s.mp4,1542.0271,1547.2771,RONALD STEEL\nUniversity of Southern California
cpb-aacip-507-nk3610wp6s.mp4,1726.5271,1730.7771,DONALD KAGAN\nYale University
cpb-aacip-507-nk3610wp6s.mp4,1875.5271,1880.2771,RONALD STEEL\nUniversity of Southern California
cpb-aacip-507-nk3610wp6s.mp4,2033.0271,2038.2771,JOHN LUKACS\nChestnut Hill College
cpb-aacip-507-nk3610wp6s.mp4,2191.2771,2193.5271,DONALD KAGAN\nYale University
cpb-aacip-507-nk3610wp6s.mp4,2291.7771,2295.7771,RONALD STEEL\nUniversity of Southern California
cpb-aacip-507-nk3610wp6s.mp4,2530.5271,2535.2771,Dr. CHRISTINE BERG\nGeorgetown University Medical Center
cpb-aacip-507-nk3610wp6s.mp4,2692.5271,2697.0271,Dr. CHRISTINE BERG\nGeorgetown University Medical Center
cpb-aacip-507-nk3610wp6s.mp4,2829.2771,2831.0271,DAVID GERGEN\nU.S. News & World Report
cpb-aacip-507-nk3610wp6s.mp4,2842.5271,2847.7771,BILL GATES\nAuthor
cpb-aacip-507-nk3610wp6s.mp4,3104.2771,3109.7771,"BILL GATES\n""The Road Ahead"""
cpb-aacip-507-pr7mp4wf25.mp4,302.0271,306.2771,Strobe Talbott\nDeputy Secretary of State
cpb-aacip-507-pr7mp4wf25.mp4,515.7771,522.0271,Sen. John McCain\nRepublican Presidential Candidate
cpb-aacip-507-pr7mp4wf25.mp4,593.5271,598.2771,Orrin Hatch\n(R) Presidential Candidate
cpb-aacip-507-pr7mp4wf25.mp4,654.0271,659.5271,Alan Keyes\nRepublican Presidential Candidate
cpb-aacip-507-pr7mp4wf25.mp4,711.0271,716.0271,Gary Bauer\nRepublican Presidential Candidate
cpb-aacip-507-pr7mp4wf25.mp4,789.5271,794.5271,Steve Forbes\nRepublican Presidential Candidate
cpb-aacip-507-pr7mp4wf25.mp4,855.2771,860.5271,Sen. Orrin Hatch\nRepublican Presidential Candidate
cpb-aacip-507-pr7mp4wf25.mp4,891.0271,895.7771,Sen. John McCain\nRepublican Presidential Candidate
cpb-aacip-507-pr7mp4wf25.mp4,955.0271,960.2771,Alan Keyes\nRepublican Presidential Candidate
cpb-aacip-507-pr7mp4wf25.mp4,1026.7771,1032.2771,Gary Bauer\nRepublican Presidential Candidate
cpb-aacip-507-pr7mp4wf25.mp4,1081.0271,1085.2771,Steve Forbes\nRepublican Presidential Candidate
cpb-aacip-507-pr7mp4wf25.mp4,1186.5271,1190.5271,Tom Oliphant\nBoston Globe
cpb-aacip-507-pr7mp4wf25.mp4,1235.7771,1239.0271,David Brooks\nWeekly Standard
cpb-aacip-507-pr7mp4wf25.mp4,1314.2771,1318.5271,Tom Oliphant\nBoston Globe
cpb-aacip-507-pr7mp4wf25.mp4,1374.7771,1378.0271,David Brooks\nWeekly Standard
cpb-aacip-507-pr7mp4wf25.mp4,1956.2771,1958.5271,"Katie Couric\nCo-Anchor, NBC News ""Today"""
cpb-aacip-507-pr7mp4wf25.mp4,1964.0271,1966.2771,"Matt Lauer\nCo-Anchor, NBC News ""Today"""
cpb-aacip-507-pr7mp4wf25.mp4,1976.5271,1980.2771,"Steve Friedman\nSenior Executive Producer\nCBS News ""The Early Show"""
cpb-aacip-507-pr7mp4wf25.mp4,2002.0271,2005.7771,Richard Hack\nAuthor
cpb-aacip-507-pr7mp4wf25.mp4,2067.7771,2071.7771,Terence Smith
cpb-aacip-507-pr7mp4wf25.mp4,2147.7771,2152.0271,"Bryant Gumbel\nCo-Anchor, CBS News ""The Early Show"""
cpb-aacip-507-pr7mp4wf25.mp4,2179.5271,2183.7771,"Steve Friedman\nSenior Executive Producer\nCBS News ""The Early Show"""
cpb-aacip-507-pr7mp4wf25.mp4,2242.2771,2246.7771,"Jack Lescoulie\nCommentator, ""Today"""
cpb-aacip-507-pr7mp4wf25.mp4,2279.7771,2284.5271,"Diane Sawyer\nCo-Anchor, ABC News\n""Good Morning America"""
cpb-aacip-507-pr7mp4wf25.mp4,2306.0271,2310.0271,"Charles Gibson\nCo-Anchor, ABC News\n""Good Morning America"""
cpb-aacip-507-pr7mp4wf25.mp4,2437.5271,2442.0271,"Bryant Gumbel\nCo-Anchor, CBS News ""The Early Show"""
cpb-aacip-507-pr7mp4wf25.mp4,2471.0271,2473.7771,"Steve Friedman\nSenior Executive Producer\nCBS News ""The Early Show"""
cpb-aacip-507-pr7mp4wf25.mp4,2483.0271,2487.2771,"Katie Couric\nCo-Anchor, NBC News ""Today"""
cpb-aacip-507-pr7mp4wf25.mp4,2528.0271,2530.5271,"Matt Lauer\nCo-Anchor, NBC News ""Today"""
cpb-aacip-507-pr7mp4wf25.mp4,2542.2771,2546.7771,Richard Hack\nAuthor
cpb-aacip-507-pr7mp4wf25.mp4,2718.5271,2722.7771,President Olusegun Obasanjo\nNigeria
cpb-aacip-507-pr7mp4wf25.mp4,2835.7771,2841.2771,President Olusegun Obasanjo\nNigeria
cpb-aacip-507-pr7mp4wf25.mp4,3042.0271,3046.2771,President Olusegun Obasanjo\nNigeria
cpb-aacip-507-pr7mp4wf25.mp4,3235.0271,3240.7771,President Olusegun Obasanjo\nNigeria
cpb-aacip-507-vd6nz81n6r.mp4,213.7771,218.2771,CLIFFORD BLACK\nAmtrak Spokesman
cpb-aacip-507-vd6nz81n6r.mp4,399.7771,402.7771,Sen. ROBERT DOLE\nMinority Leader
cpb-aacip-507-vd6nz81n6r.mp4,420.0271,424.2771,Rep. RICHARD ARMEY\n(R) Texas
cpb-aacip-507-vd6nz81n6r.mp4,496.2771,500.0271,"Gen. JOHN SHALIKASHVILI\nChairman, Joint Chiefs of Staff-designate"
cpb-aacip-507-vd6nz81n6r.mp4,733.7771,738.0271,"Ruslan Khasbulatov\nChairman, Russian Parliament"
cpb-aacip-507-vd6nz81n6r.mp4,768.0271,771.7771,Alexander Rutskoi\nRussian Vice-President
cpb-aacip-507-vd6nz81n6r.mp4,941.0271,943.7771,IAN WILLIAMS\nITN
cpb-aacip-507-vd6nz81n6r.mp4,1204.7771,1208.7771,Rep. ROBERT MICHEL\nMinority Leader
cpb-aacip-507-vd6nz81n6r.mp4,1222.0271,1226.0271,Sen. ROBERT DOLE\nMinority Leader
cpb-aacip-507-vd6nz81n6r.mp4,1277.7771,1282.0271,JOSEPH CALIFANO\nFormer Carter Health Official
cpb-aacip-507-vd6nz81n6r.mp4,1325.0271,1329.0271,Dr. BERNADINE HEALY\nFormer Bush Health Official
cpb-aacip-507-vd6nz81n6r.mp4,1371.2771,1374.2771,JOSEPH CALIFANO\nFormer Carter Health Official
cpb-aacip-507-vd6nz81n6r.mp4,1444.2771,1448.7771,Dr. BERNADINE HEALY\nFormer Bush Health Official
cpb-aacip-507-vd6nz81n6r.mp4,1680.0271,1690.0271,Dr. BERNADINE HEALY\nFormer Bush Health Official
cpb-aacip-507-vd6nz81n6r.mp4,1714.5271,1718.2771,JOSEPH CALIFANO\nFormer Carter Health Official
cpb-aacip-507-vd6nz81n6r.mp4,1968.7771,1972.7771,Dr. BERNADINE HEALY\nFormer Bush Health Official
cpb-aacip-507-vd6nz81n6r.mp4,2025.2771,2029.5271,JOSEPH CALIFANO\nFormer Carter Health Official
cpb-aacip-507-vd6nz81n6r.mp4,2114.2771,2117.0271,JASON BOWMAN
cpb-aacip-507-vd6nz81n6r.mp4,2125.0271,2128.2771,JIM BOWMAN
cpb-aacip-507-vd6nz81n6r.mp4,2175.5271,2178.7771,BARBARA BOWMAN
cpb-aacip-507-vd6nz81n6r.mp4,2274.2771,2278.0271,DAVID EDWARDS\nKodak Spokesman
cpb-aacip-507-vd6nz81n6r.mp4,2368.7771,2373.2771,FRED De SAM LAZARO\nKTCA-TV
cpb-aacip-507-vd6nz81n6r.mp4,2404.7771,2406.7771,HOWARD BERMAN\nBlue Cross Blue Shield
cpb-aacip-507-vd6nz81n6r.mp4,2477.7771,2481.7771,Dr. DERACE SCHAFFER\nRadiologist
cpb-aacip-507-vd6nz81n6r.mp4,2548.7771,2553.2771,Dr. ROBERT BLENDON\nHarvard School of Public Health
cpb-aacip-507-vd6nz81n6r.mp4,2590.7771,2594.5271,BARBARA BOWMAN
cpb-aacip-507-vd6nz81n6r.mp4,2609.0271,2613.0271,JIM BOWMAN
cpb-aacip-507-vd6nz81n6r.mp4,2705.2771,2708.7771,MICHAEL O'NEILL\nAuthor
cpb-aacip-507-vd6nz81n6r.mp4,2901.0271,2905.5271,MICHAEL O'NEILL\nAuthor
cpb-aacip-507-vd6nz81n6r.mp4,3136.2771,3141.5271,MICHAEL O'NEILL\nAuthor
cpb-aacip-525-028pc2v94s.mp4.mp4,142.7771,148.0271,"WASHINGTON, DC\nDAMIAN PALETTA\nTHE WASHINGTON POST"
cpb-aacip-525-028pc2v94s.mp4.mp4,212.0271,219.0271,"WASHINGTON, DC\nDAMIAN PALETTA\nTHE WASHINGTON POST"
cpb-aacip-525-028pc2v94s.mp4.mp4,341.0271,346.0271,"WASHINGTON, DC\nDAMIAN PALETTA\nTHE WASHINGTON POST"
cpb-aacip-525-028pc2v94s.mp4.mp4,463.5271,468.7771,"WASHINGTON, DC\nNAHAL TOOSI\nPOLITICO"
cpb-aacip-525-028pc2v94s.mp4.mp4,517.7771,523.5271,"WASHINGTON, DC\nNAHAL TOOSI\nPOLITICO"
cpb-aacip-525-028pc2v94s.mp4.mp4,568.0271,572.7771,"WASHINGTON, DC\nNAHAL TOOSI\nPOLITICO"
cpb-aacip-525-028pc2v94s.mp4.mp4,620.2771,627.2771,"WASHINGTON, DC\nNAHAL TOOSI\nPOLITICO"
cpb-aacip-525-028pc2v94s.mp4.mp4,674.7771,678.0271,HARI SREENIVASAN\n@HARI
cpb-aacip-525-028pc2v94s.mp4.mp4,768.0271,771.7771,KEVIN IRONS\nILLINOIS DEPT. OF NATURAL RESOURCES
cpb-aacip-525-028pc2v94s.mp4.mp4,861.2771,865.2771,JOEL BRAMMEIER\nALLIANCE FOR THE GREAT LAKES
cpb-aacip-525-028pc2v94s.mp4.mp4,964.0271,967.5271,CHUCK SHEA\nU.S. ARMY CORPS OF ENGINEERS
cpb-aacip-525-028pc2v94s.mp4.mp4,1081.0271,1085.2771,DEL WILKINS\nILLINOIS MARINE TOWING
cpb-aacip-525-028pc2v94s.mp4.mp4,1132.0271,1135.5271,LT. GOV. EVELYN SANGUINETTI\n(R) ILLINOIS
cpb-aacip-525-028pc2v94s.mp4.mp4,1196.0271,1200.0271,"CHARLIE GILPIN, JR.\nCOMMERCIAL FISHERMAN"
cpb-aacip-525-028pc2v94s.mp4.mp4,1262.7771,1266.0271,KEVIN IRONS\nILLINOIS DEPT. OF NATURAL RESOURCES
cpb-aacip-525-028pc2v94s.mp4.mp4,1300.7771,1304.7771,LT. GOV. EVELYN SANGUINETTI\n(R) ILLINOIS
cpb-aacip-525-bg2h70914g.mp4,233.7771,239.0271,"VOICE OF INTERPRETER\nDjoko Murjatmodjo\nACTING DIRECTOR GENERAL OF AIR TRANSPORTATION,\nINDONESIAN TRANSPORT MINISTRY"
cpb-aacip-525-bg2h70914g.mp4,564.5271,568.7771,FRIDAY\nHeather Abbott\nBOMBING SURVIVOR
cpb-aacip-525-bg2h70914g.mp4,608.0271,618.2771,BOSTON\nPhillip Martin\nWGBH-FM
cpb-aacip-525-bg2h70914g.mp4,730.5271,741.7771,BOSTON\nPhillip Martin\nWGBH-FM
cpb-aacip-525-bg2h70914g.mp4,804.0271,811.2771,BOSTON\nPhillip Martin\nWGBH-FM
cpb-aacip-525-bg2h70914g.mp4,913.2771,917.2771,Margaret Warner\n@margaretwarner
cpb-aacip-525-bg2h70914g.mp4,1022.0271,1030.2771,Margaret Warner\n@margaretwarner
cpb-aacip-525-bg2h70914g.mp4,1258.0271,1262.7771,David Boaz\nCATO INSTITUTE
cpb-aacip-525-bg2h70914g.mp4,1292.5271,1298.5271,Arkadi Gerney\nCENTER FOR AMERICAN PROGRESS
cpb-aacip-525-bg2h70914g.mp4,1433.5271,1441.5271,Arkadi Gerney\nCENTER FOR AMERICAN PROGRESS
cpb-aacip-525-bg2h70914g.mp4,1467.5271,1474.5271,David Boaz\nCATO INSTITUTE
cpb-aacip-525-bg2h70914g.mp4,1517.7771,1524.7771,Arkadi Gerney\nCENTER FOR AMERICAN PROGRESS
cpb-aacip-525-bg2h70914g.mp4,1549.2771,1554.7771,David Boaz\nCATO INSTITUTE
cpb-aacip-525-bg2h70914g.mp4,1583.0271,1588.5271,Arkadi Gerney\nCENTER FOR AMERICAN PROGRESS
cpb-aacip-525-bg2h70914g.mp4,1620.0271,1623.7771,David Boaz\nCATO INSTITUTE
cpb-aacip-525-bg2h70914g.mp4,1772.0271,1780.7771,VOICE OF INTERPRETER\nSteffen Seibert\nGERMAN GOVERNMENT SPOKESMAN
cpb-aacip-525-bg2h70914g.mp4,1834.2771,1847.2771,BOSTON\nKenneth Rogoff\nHARVARD UNIVERSITY
cpb-aacip-525-bg2h70914g.mp4,1859.0271,1866.0271,Jacob Kirkegaard\nPETERSON INSTITUTE FOR INTERNATIONAL ECONOMICS
cpb-aacip-525-bg2h70914g.mp4,2064.2771,2073.2771,BOSTON\nKenneth Rogoff\nHARVARD UNIVERSITY
cpb-aacip-525-bg2h70914g.mp4,2128.0271,2135.0271,Jacob Kirkegaard\nPETERSON INSTITUTE FOR INTERNATIONAL ECONOMICS
cpb-aacip-525-bg2h70914g.mp4,2335.7771,2344.5271,NEW YORK\nLeo Sheng\nTRANSGENDER MAN
cpb-aacip-525-bg2h70914g.mp4,2383.5271,2389.0271,"Mara Keisling\nEXECUTIVE DIRECTOR, NATIONAL CENTER FOR TRANSGENDER EQUALITY"
cpb-aacip-525-bg2h70914g.mp4,2438.7771,2444.2771,NEW YORK\nLeo Sheng\nTRANSGENDER MAN
cpb-aacip-525-bg2h70914g.mp4,2472.2771,2480.5271,"Mara Keisling\nEXECUTIVE DIRECTOR, NATIONAL CENTER FOR TRANSGENDER EQUALITY"
cpb-aacip-525-bg2h70914g.mp4,2583.0271,2594.7771,NEW YORK\nLeo Sheng\nTRANSGENDER MAN
cpb-aacip-525-bg2h70914g.mp4,2620.2771,2627.0271,"Mara Keisling\nEXECUTIVE DIRECTOR, NATIONAL CENTER FOR TRANSGENDER EQUALITY"
cpb-aacip-525-bg2h70914g.mp4,2715.2771,2720.0271,COURTESY: THE HISTORYMAKERS\nFormer Sen. Edward Brooke\n(R) MASSACHUSETTS
cpb-aacip-525-bg2h70914g.mp4,2793.0271,2798.5271,BOSTON\nAdrian Walker\nTHE BOSTON GLOBE
cpb-aacip-525-bg2h70914g.mp4,2834.7771,2845.2771,"GRAND RAPIDS, MICHIGAN\nRichard Norton Smith\nPRESIDENTIAL HISTORIAN"
cpb-aacip-525-bg2h70914g.mp4,2880.7771,2888.5271,BOSTON\nAdrian Walker\nTHE BOSTON GLOBE
cpb-aacip-525-bg2h70914g.mp4,2952.7771,2964.7771,"GRAND RAPIDS, MICHIGAN\nRichard Norton Smith\nPRESIDENTIAL HISTORIAN"
cpb-aacip-525-bg2h70914g.mp4,3059.2771,3070.0271,"GRAND RAPIDS, MICHIGAN\nRichard Norton Smith\nPRESIDENTIAL HISTORIAN"
